GenomicLocus,region1,region2,FDR,type,DB,tissue/cell,inter/intra,SNPs,genes,ciMapFilt,ensg,symbol
1,16:53750000-53760000,16:54960000-54970000,4.2086809999999996e-19,HiC,Giusti-Rodriguez_et_al_2019,Adult_Cortex,intra,rs7205986;rs7206010;rs8043738;rs8063472;rs8058460;rs76488452;rs78020297;rs4386132,ENSG00000176842,1,ENSG00000176842,IRX5
1,16:53790000-53800000,16:54960000-54970000,1.34873e-13,HiC,Giusti-Rodriguez_et_al_2019,Adult_Cortex,intra,rs1075440;rs11643744;rs74498370;rs13333228;rs17525605;rs8055259;rs11394373;rs4784323;rs7206790;rs28429148;rs8047395;rs8047587;rs200616697;rs201940822;rs199952722;rs57292959;rs9937521;rs28562191;rs11383210;rs9937053;rs9937354;rs9928094;16:53799977:G:T;rs9930397,ENSG00000176842,1,ENSG00000176842,IRX5
1,16:53810000-53820000,16:54960000-54970000,1.3594240000000002e-17,HiC,Giusti-Rodriguez_et_al_2019,Adult_Cortex,intra,rs7187250;rs7193144;rs62033399;rs62033400;rs8063057;rs8057044;rs71863246;rs17817449;rs8043757;rs8063946;rs9972653;rs62033401;rs11075987;rs17817497;rs8050136;rs8051591;rs9935401;rs9933509;rs3751812;rs3751813;rs3751814;rs9931900;rs56313538;rs9936385;rs9923233;rs9923312;rs11075988;rs11075989;rs11075990;rs11075991,ENSG00000176842,1,ENSG00000176842,IRX5
1,16:53750000-53760000,16:54960000-54970000,6.190929e-33,HiC,Giusti-Rodriguez_et_al_2019,Fetal_Cortex,intra,rs7205986;rs7206010;rs8043738;rs8063472;rs8058460;rs76488452;rs78020297;rs4386132,ENSG00000176842,1,ENSG00000176842,IRX5
1,16:53750000-53760000,16:55420000-55430000,4.140637e-14,HiC,Giusti-Rodriguez_et_al_2019,Fetal_Cortex,intra,rs7205986;rs7206010;rs8043738;rs8063472;rs8058460;rs76488452;rs78020297;rs4386132,ENSG00000087245,1,ENSG00000087245,MMP2
1,16:53750000-53760000,16:53730000-53740000,1.669667e-13,HiC,Giusti-Rodriguez_et_al_2019,Fetal_Cortex,intra,rs7205986;rs7206010;rs8043738;rs8063472;rs8058460;rs76488452;rs78020297;rs4386132,ENSG00000103494:ENSG00000140718,1,,
1,16:53640001-53680000,16:55320001-55360000,8.435778e-10,HiC,GSE87112,Aorta,intra,rs117094130,ENSG00000159387,1,ENSG00000159387,IRX6
1,16:53760001-53800000,16:55320001-55360000,1.437573e-08,HiC,GSE87112,Aorta,intra,rs146120317;rs77276051;rs58614245;rs60307234;rs117502563;rs4280233;rs113735368;rs76062288;rs76036961;rs7203521;rs6499640;rs16952479;rs8048396;rs8059991;rs6499641;rs4548860;rs4396532;rs56886863;rs77715413;rs34755534;rs182781646;rs1075440;rs11643744;rs74498370;rs13333228;rs17525605;rs8055259;rs11394373;rs4784323;rs7206790;rs28429148;rs8047395;rs8047587;rs200616697;rs201940822;rs199952722;rs57292959;rs9937521;rs28562191;rs11383210;rs9937053;rs9937354;rs9928094;16:53799977:G:T;rs9930397,ENSG00000159387,1,ENSG00000159387,IRX6
1,16:53760001-53800000,16:53720001-53760000,5.058343e-08,HiC,GSE87112,Aorta,intra,rs146120317;rs77276051;rs58614245;rs60307234;rs117502563;rs4280233;rs113735368;rs76062288;rs76036961;rs7203521;rs6499640;rs16952479;rs8048396;rs8059991;rs6499641;rs4548860;rs4396532;rs56886863;rs77715413;rs34755534;rs182781646;rs1075440;rs11643744;rs74498370;rs13333228;rs17525605;rs8055259;rs11394373;rs4784323;rs7206790;rs28429148;rs8047395;rs8047587;rs200616697;rs201940822;rs199952722;rs57292959;rs9937521;rs28562191;rs11383210;rs9937053;rs9937354;rs9928094;16:53799977:G:T;rs9930397,ENSG00000103494:ENSG00000140718,1,,
1,16:53640001-53680000,16:53720001-53760000,3.864194e-07,HiC,GSE87112,Left_Ventricle,intra,rs117094130,ENSG00000103494:ENSG00000140718,1,,
1,16:53640001-53680000,16:54960001-55000000,1.761711e-12,HiC,GSE87112,Left_Ventricle,intra,rs117094130,ENSG00000176842,1,ENSG00000176842,IRX5
1,16:53640001-53680000,16:55320001-55360000,5.278593e-08,HiC,GSE87112,Left_Ventricle,intra,rs117094130,ENSG00000159387,1,ENSG00000159387,IRX6
1,16:53640001-53680000,16:55400001-55440000,7.264287e-10,HiC,GSE87112,Left_Ventricle,intra,rs117094130,ENSG00000087245,1,ENSG00000087245,MMP2
1,16:53640001-53680000,16:55600001-55640000,3.064071e-08,HiC,GSE87112,Left_Ventricle,intra,rs117094130,ENSG00000256812,1,ENSG00000256812,CAPNS2
1,16:53640001-53680000,16:55680001-55720000,4.593353e-10,HiC,GSE87112,Left_Ventricle,intra,rs117094130,ENSG00000103546,1,ENSG00000103546,SLC6A2
1,16:53640001-53680000,16:55960001-56000000,8.892284e-07,HiC,GSE87112,Left_Ventricle,intra,rs117094130,ENSG00000159398,1,ENSG00000159398,CES5A
1,16:53720001-53760000,16:54960001-55000000,1.87561e-16,HiC,GSE87112,Left_Ventricle,intra,rs7205986;rs7206010;rs8043738;rs8063472;rs8058460;rs76488452;rs78020297;rs4386132,ENSG00000176842,1,ENSG00000176842,IRX5
1,16:53720001-53760000,16:55320001-55360000,3.108008e-12,HiC,GSE87112,Left_Ventricle,intra,rs7205986;rs7206010;rs8043738;rs8063472;rs8058460;rs76488452;rs78020297;rs4386132,ENSG00000159387,1,ENSG00000159387,IRX6
1,16:53760001-53800000,16:54280001-54320000,1.836554e-18,HiC,GSE87112,Left_Ventricle,intra,rs146120317;rs77276051;rs58614245;rs60307234;rs117502563;rs4280233;rs113735368;rs76062288;rs76036961;rs7203521;rs6499640;rs16952479;rs8048396;rs8059991;rs6499641;rs4548860;rs4396532;rs56886863;rs77715413;rs34755534;rs182781646;rs1075440;rs11643744;rs74498370;rs13333228;rs17525605;rs8055259;rs11394373;rs4784323;rs7206790;rs28429148;rs8047395;rs8047587;rs200616697;rs201940822;rs199952722;rs57292959;rs9937521;rs28562191;rs11383210;rs9937053;rs9937354;rs9928094;16:53799977:G:T;rs9930397,ENSG00000259517,1,ENSG00000259517,RP11-324D17.1
1,16:53760001-53800000,16:54320001-54360000,2.011005e-11,HiC,GSE87112,Left_Ventricle,intra,rs146120317;rs77276051;rs58614245;rs60307234;rs117502563;rs4280233;rs113735368;rs76062288;rs76036961;rs7203521;rs6499640;rs16952479;rs8048396;rs8059991;rs6499641;rs4548860;rs4396532;rs56886863;rs77715413;rs34755534;rs182781646;rs1075440;rs11643744;rs74498370;rs13333228;rs17525605;rs8055259;rs11394373;rs4784323;rs7206790;rs28429148;rs8047395;rs8047587;rs200616697;rs201940822;rs199952722;rs57292959;rs9937521;rs28562191;rs11383210;rs9937053;rs9937354;rs9928094;16:53799977:G:T;rs9930397,ENSG00000177508,1,ENSG00000177508,IRX3
1,16:53760001-53800000,16:54960001-55000000,1.0545510000000001e-60,HiC,GSE87112,Left_Ventricle,intra,rs146120317;rs77276051;rs58614245;rs60307234;rs117502563;rs4280233;rs113735368;rs76062288;rs76036961;rs7203521;rs6499640;rs16952479;rs8048396;rs8059991;rs6499641;rs4548860;rs4396532;rs56886863;rs77715413;rs34755534;rs182781646;rs1075440;rs11643744;rs74498370;rs13333228;rs17525605;rs8055259;rs11394373;rs4784323;rs7206790;rs28429148;rs8047395;rs8047587;rs200616697;rs201940822;rs199952722;rs57292959;rs9937521;rs28562191;rs11383210;rs9937053;rs9937354;rs9928094;16:53799977:G:T;rs9930397,ENSG00000176842,1,ENSG00000176842,IRX5
1,16:53760001-53800000,16:55320001-55360000,1.083196e-46,HiC,GSE87112,Left_Ventricle,intra,rs146120317;rs77276051;rs58614245;rs60307234;rs117502563;rs4280233;rs113735368;rs76062288;rs76036961;rs7203521;rs6499640;rs16952479;rs8048396;rs8059991;rs6499641;rs4548860;rs4396532;rs56886863;rs77715413;rs34755534;rs182781646;rs1075440;rs11643744;rs74498370;rs13333228;rs17525605;rs8055259;rs11394373;rs4784323;rs7206790;rs28429148;rs8047395;rs8047587;rs200616697;rs201940822;rs199952722;rs57292959;rs9937521;rs28562191;rs11383210;rs9937053;rs9937354;rs9928094;16:53799977:G:T;rs9930397,ENSG00000159387,1,ENSG00000159387,IRX6
1,16:53800001-53840000,16:54320001-54360000,1.594478e-08,HiC,GSE87112,Left_Ventricle,intra,rs9940278;rs9939973;rs117430099;rs117696251;rs9940646;rs9940128;rs1421085;rs111240785;rs1421086;rs9923147;rs9923544;rs11642015;rs16952520;rs8055197;rs1558901;rs62048402;rs1558902;rs1861866;rs10852521;rs11075985;rs113940176;rs9922047;rs56094641;rs10718688;rs16952522;rs17817288;rs55872725;rs1121980;rs73612011;rs7187250;rs7193144;rs62033399;rs62033400;rs8063057;rs8057044;rs71863246;rs17817449;rs8043757;rs8063946;rs9972653;rs62033401;rs11075987;rs17817497;rs8050136;rs8051591;rs9935401;rs9933509;rs3751812;rs3751813;rs3751814;rs9931900;rs56313538;rs9936385;rs9923233;rs9923312;rs11075988;rs11075989;rs11075990;rs11075991;rs11075992;rs9926289;rs9939609;rs9937709;16:53820996:C:G;rs17817712;rs112232322;rs7206410;rs7206629;rs7202116;rs7202296;rs7201850;rs66908032;rs113935429;rs113819629;rs199904341;rs72803697;rs62033403;rs62033404;rs62033405;rs7206122;rs7190396;rs530568312;rs7185735;rs2042029;rs2042030;rs76716785;rs79994966;rs28449464;rs200847717;rs28432761;rs11647020;rs11646715;rs141816793;rs62033406;rs9941349;rs56137030;rs28567725;rs75222427;rs9931494;rs10468280;rs76442450;rs62033408;rs73612051;rs17817964;rs73607075;rs201399553;rs62033413;rs9930501;rs9930506;rs9932754;rs9933040;rs62033414;rs9922708;rs72805611;rs9922619;rs78080501;rs4783821;rs7188250;rs72805612;rs12596054;rs149519344;rs114078316;rs79131477;rs59995142;rs11075993;rs72805613;rs73607083;rs62033416;rs8044769,ENSG00000177508,1,ENSG00000177508,IRX3
1,16:53800001-53840000,16:54960001-55000000,1.198212e-27,HiC,GSE87112,Left_Ventricle,intra,rs9940278;rs9939973;rs117430099;rs117696251;rs9940646;rs9940128;rs1421085;rs111240785;rs1421086;rs9923147;rs9923544;rs11642015;rs16952520;rs8055197;rs1558901;rs62048402;rs1558902;rs1861866;rs10852521;rs11075985;rs113940176;rs9922047;rs56094641;rs10718688;rs16952522;rs17817288;rs55872725;rs1121980;rs73612011;rs7187250;rs7193144;rs62033399;rs62033400;rs8063057;rs8057044;rs71863246;rs17817449;rs8043757;rs8063946;rs9972653;rs62033401;rs11075987;rs17817497;rs8050136;rs8051591;rs9935401;rs9933509;rs3751812;rs3751813;rs3751814;rs9931900;rs56313538;rs9936385;rs9923233;rs9923312;rs11075988;rs11075989;rs11075990;rs11075991;rs11075992;rs9926289;rs9939609;rs9937709;16:53820996:C:G;rs17817712;rs112232322;rs7206410;rs7206629;rs7202116;rs7202296;rs7201850;rs66908032;rs113935429;rs113819629;rs199904341;rs72803697;rs62033403;rs62033404;rs62033405;rs7206122;rs7190396;rs530568312;rs7185735;rs2042029;rs2042030;rs76716785;rs79994966;rs28449464;rs200847717;rs28432761;rs11647020;rs11646715;rs141816793;rs62033406;rs9941349;rs56137030;rs28567725;rs75222427;rs9931494;rs10468280;rs76442450;rs62033408;rs73612051;rs17817964;rs73607075;rs201399553;rs62033413;rs9930501;rs9930506;rs9932754;rs9933040;rs62033414;rs9922708;rs72805611;rs9922619;rs78080501;rs4783821;rs7188250;rs72805612;rs12596054;rs149519344;rs114078316;rs79131477;rs59995142;rs11075993;rs72805613;rs73607083;rs62033416;rs8044769,ENSG00000176842,1,ENSG00000176842,IRX5
1,16:53800001-53840000,16:55320001-55360000,5.763792e-08,HiC,GSE87112,Left_Ventricle,intra,rs9940278;rs9939973;rs117430099;rs117696251;rs9940646;rs9940128;rs1421085;rs111240785;rs1421086;rs9923147;rs9923544;rs11642015;rs16952520;rs8055197;rs1558901;rs62048402;rs1558902;rs1861866;rs10852521;rs11075985;rs113940176;rs9922047;rs56094641;rs10718688;rs16952522;rs17817288;rs55872725;rs1121980;rs73612011;rs7187250;rs7193144;rs62033399;rs62033400;rs8063057;rs8057044;rs71863246;rs17817449;rs8043757;rs8063946;rs9972653;rs62033401;rs11075987;rs17817497;rs8050136;rs8051591;rs9935401;rs9933509;rs3751812;rs3751813;rs3751814;rs9931900;rs56313538;rs9936385;rs9923233;rs9923312;rs11075988;rs11075989;rs11075990;rs11075991;rs11075992;rs9926289;rs9939609;rs9937709;16:53820996:C:G;rs17817712;rs112232322;rs7206410;rs7206629;rs7202116;rs7202296;rs7201850;rs66908032;rs113935429;rs113819629;rs199904341;rs72803697;rs62033403;rs62033404;rs62033405;rs7206122;rs7190396;rs530568312;rs7185735;rs2042029;rs2042030;rs76716785;rs79994966;rs28449464;rs200847717;rs28432761;rs11647020;rs11646715;rs141816793;rs62033406;rs9941349;rs56137030;rs28567725;rs75222427;rs9931494;rs10468280;rs76442450;rs62033408;rs73612051;rs17817964;rs73607075;rs201399553;rs62033413;rs9930501;rs9930506;rs9932754;rs9933040;rs62033414;rs9922708;rs72805611;rs9922619;rs78080501;rs4783821;rs7188250;rs72805612;rs12596054;rs149519344;rs114078316;rs79131477;rs59995142;rs11075993;rs72805613;rs73607083;rs62033416;rs8044769,ENSG00000159387,1,ENSG00000159387,IRX6
1,16:53800001-53840000,16:55400001-55440000,4.085427e-24,HiC,GSE87112,Left_Ventricle,intra,rs9940278;rs9939973;rs117430099;rs117696251;rs9940646;rs9940128;rs1421085;rs111240785;rs1421086;rs9923147;rs9923544;rs11642015;rs16952520;rs8055197;rs1558901;rs62048402;rs1558902;rs1861866;rs10852521;rs11075985;rs113940176;rs9922047;rs56094641;rs10718688;rs16952522;rs17817288;rs55872725;rs1121980;rs73612011;rs7187250;rs7193144;rs62033399;rs62033400;rs8063057;rs8057044;rs71863246;rs17817449;rs8043757;rs8063946;rs9972653;rs62033401;rs11075987;rs17817497;rs8050136;rs8051591;rs9935401;rs9933509;rs3751812;rs3751813;rs3751814;rs9931900;rs56313538;rs9936385;rs9923233;rs9923312;rs11075988;rs11075989;rs11075990;rs11075991;rs11075992;rs9926289;rs9939609;rs9937709;16:53820996:C:G;rs17817712;rs112232322;rs7206410;rs7206629;rs7202116;rs7202296;rs7201850;rs66908032;rs113935429;rs113819629;rs199904341;rs72803697;rs62033403;rs62033404;rs62033405;rs7206122;rs7190396;rs530568312;rs7185735;rs2042029;rs2042030;rs76716785;rs79994966;rs28449464;rs200847717;rs28432761;rs11647020;rs11646715;rs141816793;rs62033406;rs9941349;rs56137030;rs28567725;rs75222427;rs9931494;rs10468280;rs76442450;rs62033408;rs73612051;rs17817964;rs73607075;rs201399553;rs62033413;rs9930501;rs9930506;rs9932754;rs9933040;rs62033414;rs9922708;rs72805611;rs9922619;rs78080501;rs4783821;rs7188250;rs72805612;rs12596054;rs149519344;rs114078316;rs79131477;rs59995142;rs11075993;rs72805613;rs73607083;rs62033416;rs8044769,ENSG00000087245,1,ENSG00000087245,MMP2
1,16:53800001-53840000,16:56200001-56240000,1.635186e-08,HiC,GSE87112,Left_Ventricle,intra,rs9940278;rs9939973;rs117430099;rs117696251;rs9940646;rs9940128;rs1421085;rs111240785;rs1421086;rs9923147;rs9923544;rs11642015;rs16952520;rs8055197;rs1558901;rs62048402;rs1558902;rs1861866;rs10852521;rs11075985;rs113940176;rs9922047;rs56094641;rs10718688;rs16952522;rs17817288;rs55872725;rs1121980;rs73612011;rs7187250;rs7193144;rs62033399;rs62033400;rs8063057;rs8057044;rs71863246;rs17817449;rs8043757;rs8063946;rs9972653;rs62033401;rs11075987;rs17817497;rs8050136;rs8051591;rs9935401;rs9933509;rs3751812;rs3751813;rs3751814;rs9931900;rs56313538;rs9936385;rs9923233;rs9923312;rs11075988;rs11075989;rs11075990;rs11075991;rs11075992;rs9926289;rs9939609;rs9937709;16:53820996:C:G;rs17817712;rs112232322;rs7206410;rs7206629;rs7202116;rs7202296;rs7201850;rs66908032;rs113935429;rs113819629;rs199904341;rs72803697;rs62033403;rs62033404;rs62033405;rs7206122;rs7190396;rs530568312;rs7185735;rs2042029;rs2042030;rs76716785;rs79994966;rs28449464;rs200847717;rs28432761;rs11647020;rs11646715;rs141816793;rs62033406;rs9941349;rs56137030;rs28567725;rs75222427;rs9931494;rs10468280;rs76442450;rs62033408;rs73612051;rs17817964;rs73607075;rs201399553;rs62033413;rs9930501;rs9930506;rs9932754;rs9933040;rs62033414;rs9922708;rs72805611;rs9922619;rs78080501;rs4783821;rs7188250;rs72805612;rs12596054;rs149519344;rs114078316;rs79131477;rs59995142;rs11075993;rs72805613;rs73607083;rs62033416;rs8044769,ENSG00000087258,1,ENSG00000087258,GNAO1
1,16:53840001-53880000,16:54960001-55000000,8.327018e-16,HiC,GSE87112,Left_Ventricle,intra,rs12149574;rs58239912;rs111357538;rs12149832;rs17218700;rs11649091;rs11642841;rs8050124;rs8050133;rs9925400;rs9935366;rs9925952;rs12447691;rs9937429;rs9928425;rs8054859;rs8054908;rs11075995;rs2042032;rs7190842;rs3848299;rs3826169;rs12933168;rs8060823;rs8058930;rs8061518;rs11448349;rs6499648;rs9923295;rs9936016;rs9924896;rs9936112;rs4784325;rs4784326;rs34520034;rs10521307;rs9302652;rs9934528;rs9934773;rs6499653,ENSG00000176842,1,ENSG00000176842,IRX5
1,16:53840001-53880000,16:55320001-55360000,3.660927e-18,HiC,GSE87112,Left_Ventricle,intra,rs12149574;rs58239912;rs111357538;rs12149832;rs17218700;rs11649091;rs11642841;rs8050124;rs8050133;rs9925400;rs9935366;rs9925952;rs12447691;rs9937429;rs9928425;rs8054859;rs8054908;rs11075995;rs2042032;rs7190842;rs3848299;rs3826169;rs12933168;rs8060823;rs8058930;rs8061518;rs11448349;rs6499648;rs9923295;rs9936016;rs9924896;rs9936112;rs4784325;rs4784326;rs34520034;rs10521307;rs9302652;rs9934528;rs9934773;rs6499653,ENSG00000159387,1,ENSG00000159387,IRX6
1,16:53840001-53880000,16:55840001-55880000,1.707196e-12,HiC,GSE87112,Left_Ventricle,intra,rs12149574;rs58239912;rs111357538;rs12149832;rs17218700;rs11649091;rs11642841;rs8050124;rs8050133;rs9925400;rs9935366;rs9925952;rs12447691;rs9937429;rs9928425;rs8054859;rs8054908;rs11075995;rs2042032;rs7190842;rs3848299;rs3826169;rs12933168;rs8060823;rs8058930;rs8061518;rs11448349;rs6499648;rs9923295;rs9936016;rs9924896;rs9936112;rs4784325;rs4784326;rs34520034;rs10521307;rs9302652;rs9934528;rs9934773;rs6499653,ENSG00000198848,1,ENSG00000198848,CES1
1,16:53840001-53880000,16:56680001-56720000,5.957566e-10,HiC,GSE87112,Left_Ventricle,intra,rs12149574;rs58239912;rs111357538;rs12149832;rs17218700;rs11649091;rs11642841;rs8050124;rs8050133;rs9925400;rs9935366;rs9925952;rs12447691;rs9937429;rs9928425;rs8054859;rs8054908;rs11075995;rs2042032;rs7190842;rs3848299;rs3826169;rs12933168;rs8060823;rs8058930;rs8061518;rs11448349;rs6499648;rs9923295;rs9936016;rs9924896;rs9936112;rs4784325;rs4784326;rs34520034;rs10521307;rs9302652;rs9934528;rs9934773;rs6499653,ENSG00000169688:ENSG00000198417:ENSG00000125144:ENSG00000205358:ENSG00000187193,1,,
1,16:53760001-53800000,16:53720001-53760000,6.947329e-16,HiC,GSE87112,Left_Ventricle,intra,rs146120317;rs77276051;rs58614245;rs60307234;rs117502563;rs4280233;rs113735368;rs76062288;rs76036961;rs7203521;rs6499640;rs16952479;rs8048396;rs8059991;rs6499641;rs4548860;rs4396532;rs56886863;rs77715413;rs34755534;rs182781646;rs1075440;rs11643744;rs74498370;rs13333228;rs17525605;rs8055259;rs11394373;rs4784323;rs7206790;rs28429148;rs8047395;rs8047587;rs200616697;rs201940822;rs199952722;rs57292959;rs9937521;rs28562191;rs11383210;rs9937053;rs9937354;rs9928094;16:53799977:G:T;rs9930397,ENSG00000103494:ENSG00000140718,1,,
1,16:53640001-53680000,16:54960001-55000000,1.417542e-08,HiC,GSE87112,Liver,intra,rs117094130,ENSG00000176842,1,ENSG00000176842,IRX5
1,16:53640001-53680000,16:55320001-55360000,2.594418e-09,HiC,GSE87112,Liver,intra,rs117094130,ENSG00000159387,1,ENSG00000159387,IRX6
1,16:53720001-53760000,16:55960001-56000000,2.01454e-08,HiC,GSE87112,Liver,intra,rs7205986;rs7206010;rs8043738;rs8063472;rs8058460;rs76488452;rs78020297;rs4386132,ENSG00000159398,1,ENSG00000159398,CES5A
1,16:53760001-53800000,16:54280001-54320000,3.811663e-08,HiC,GSE87112,Liver,intra,rs146120317;rs77276051;rs58614245;rs60307234;rs117502563;rs4280233;rs113735368;rs76062288;rs76036961;rs7203521;rs6499640;rs16952479;rs8048396;rs8059991;rs6499641;rs4548860;rs4396532;rs56886863;rs77715413;rs34755534;rs182781646;rs1075440;rs11643744;rs74498370;rs13333228;rs17525605;rs8055259;rs11394373;rs4784323;rs7206790;rs28429148;rs8047395;rs8047587;rs200616697;rs201940822;rs199952722;rs57292959;rs9937521;rs28562191;rs11383210;rs9937053;rs9937354;rs9928094;16:53799977:G:T;rs9930397,ENSG00000259517,1,ENSG00000259517,RP11-324D17.1
1,16:53760001-53800000,16:54960001-55000000,2.251083e-12,HiC,GSE87112,Liver,intra,rs146120317;rs77276051;rs58614245;rs60307234;rs117502563;rs4280233;rs113735368;rs76062288;rs76036961;rs7203521;rs6499640;rs16952479;rs8048396;rs8059991;rs6499641;rs4548860;rs4396532;rs56886863;rs77715413;rs34755534;rs182781646;rs1075440;rs11643744;rs74498370;rs13333228;rs17525605;rs8055259;rs11394373;rs4784323;rs7206790;rs28429148;rs8047395;rs8047587;rs200616697;rs201940822;rs199952722;rs57292959;rs9937521;rs28562191;rs11383210;rs9937053;rs9937354;rs9928094;16:53799977:G:T;rs9930397,ENSG00000176842,1,ENSG00000176842,IRX5
1,16:53760001-53800000,16:55400001-55440000,9.886545e-08,HiC,GSE87112,Liver,intra,rs146120317;rs77276051;rs58614245;rs60307234;rs117502563;rs4280233;rs113735368;rs76062288;rs76036961;rs7203521;rs6499640;rs16952479;rs8048396;rs8059991;rs6499641;rs4548860;rs4396532;rs56886863;rs77715413;rs34755534;rs182781646;rs1075440;rs11643744;rs74498370;rs13333228;rs17525605;rs8055259;rs11394373;rs4784323;rs7206790;rs28429148;rs8047395;rs8047587;rs200616697;rs201940822;rs199952722;rs57292959;rs9937521;rs28562191;rs11383210;rs9937053;rs9937354;rs9928094;16:53799977:G:T;rs9930397,ENSG00000087245,1,ENSG00000087245,MMP2
1,16:53800001-53840000,16:54280001-54320000,7.375028e-08,HiC,GSE87112,Liver,intra,rs9940278;rs9939973;rs117430099;rs117696251;rs9940646;rs9940128;rs1421085;rs111240785;rs1421086;rs9923147;rs9923544;rs11642015;rs16952520;rs8055197;rs1558901;rs62048402;rs1558902;rs1861866;rs10852521;rs11075985;rs113940176;rs9922047;rs56094641;rs10718688;rs16952522;rs17817288;rs55872725;rs1121980;rs73612011;rs7187250;rs7193144;rs62033399;rs62033400;rs8063057;rs8057044;rs71863246;rs17817449;rs8043757;rs8063946;rs9972653;rs62033401;rs11075987;rs17817497;rs8050136;rs8051591;rs9935401;rs9933509;rs3751812;rs3751813;rs3751814;rs9931900;rs56313538;rs9936385;rs9923233;rs9923312;rs11075988;rs11075989;rs11075990;rs11075991;rs11075992;rs9926289;rs9939609;rs9937709;16:53820996:C:G;rs17817712;rs112232322;rs7206410;rs7206629;rs7202116;rs7202296;rs7201850;rs66908032;rs113935429;rs113819629;rs199904341;rs72803697;rs62033403;rs62033404;rs62033405;rs7206122;rs7190396;rs530568312;rs7185735;rs2042029;rs2042030;rs76716785;rs79994966;rs28449464;rs200847717;rs28432761;rs11647020;rs11646715;rs141816793;rs62033406;rs9941349;rs56137030;rs28567725;rs75222427;rs9931494;rs10468280;rs76442450;rs62033408;rs73612051;rs17817964;rs73607075;rs201399553;rs62033413;rs9930501;rs9930506;rs9932754;rs9933040;rs62033414;rs9922708;rs72805611;rs9922619;rs78080501;rs4783821;rs7188250;rs72805612;rs12596054;rs149519344;rs114078316;rs79131477;rs59995142;rs11075993;rs72805613;rs73607083;rs62033416;rs8044769,ENSG00000259517,1,ENSG00000259517,RP11-324D17.1
1,16:53800001-53840000,16:54960001-55000000,2.567287e-11,HiC,GSE87112,Liver,intra,rs9940278;rs9939973;rs117430099;rs117696251;rs9940646;rs9940128;rs1421085;rs111240785;rs1421086;rs9923147;rs9923544;rs11642015;rs16952520;rs8055197;rs1558901;rs62048402;rs1558902;rs1861866;rs10852521;rs11075985;rs113940176;rs9922047;rs56094641;rs10718688;rs16952522;rs17817288;rs55872725;rs1121980;rs73612011;rs7187250;rs7193144;rs62033399;rs62033400;rs8063057;rs8057044;rs71863246;rs17817449;rs8043757;rs8063946;rs9972653;rs62033401;rs11075987;rs17817497;rs8050136;rs8051591;rs9935401;rs9933509;rs3751812;rs3751813;rs3751814;rs9931900;rs56313538;rs9936385;rs9923233;rs9923312;rs11075988;rs11075989;rs11075990;rs11075991;rs11075992;rs9926289;rs9939609;rs9937709;16:53820996:C:G;rs17817712;rs112232322;rs7206410;rs7206629;rs7202116;rs7202296;rs7201850;rs66908032;rs113935429;rs113819629;rs199904341;rs72803697;rs62033403;rs62033404;rs62033405;rs7206122;rs7190396;rs530568312;rs7185735;rs2042029;rs2042030;rs76716785;rs79994966;rs28449464;rs200847717;rs28432761;rs11647020;rs11646715;rs141816793;rs62033406;rs9941349;rs56137030;rs28567725;rs75222427;rs9931494;rs10468280;rs76442450;rs62033408;rs73612051;rs17817964;rs73607075;rs201399553;rs62033413;rs9930501;rs9930506;rs9932754;rs9933040;rs62033414;rs9922708;rs72805611;rs9922619;rs78080501;rs4783821;rs7188250;rs72805612;rs12596054;rs149519344;rs114078316;rs79131477;rs59995142;rs11075993;rs72805613;rs73607083;rs62033416;rs8044769,ENSG00000176842,1,ENSG00000176842,IRX5
1,16:53840001-53880000,16:54960001-55000000,1.238482e-11,HiC,GSE87112,Liver,intra,rs12149574;rs58239912;rs111357538;rs12149832;rs17218700;rs11649091;rs11642841;rs8050124;rs8050133;rs9925400;rs9935366;rs9925952;rs12447691;rs9937429;rs9928425;rs8054859;rs8054908;rs11075995;rs2042032;rs7190842;rs3848299;rs3826169;rs12933168;rs8060823;rs8058930;rs8061518;rs11448349;rs6499648;rs9923295;rs9936016;rs9924896;rs9936112;rs4784325;rs4784326;rs34520034;rs10521307;rs9302652;rs9934528;rs9934773;rs6499653,ENSG00000176842,1,ENSG00000176842,IRX5
1,16:53840001-53880000,16:55320001-55360000,1.380882e-07,HiC,GSE87112,Liver,intra,rs12149574;rs58239912;rs111357538;rs12149832;rs17218700;rs11649091;rs11642841;rs8050124;rs8050133;rs9925400;rs9935366;rs9925952;rs12447691;rs9937429;rs9928425;rs8054859;rs8054908;rs11075995;rs2042032;rs7190842;rs3848299;rs3826169;rs12933168;rs8060823;rs8058930;rs8061518;rs11448349;rs6499648;rs9923295;rs9936016;rs9924896;rs9936112;rs4784325;rs4784326;rs34520034;rs10521307;rs9302652;rs9934528;rs9934773;rs6499653,ENSG00000159387,1,ENSG00000159387,IRX6
1,16:53840001-53880000,16:55400001-55440000,2.377511e-07,HiC,GSE87112,Liver,intra,rs12149574;rs58239912;rs111357538;rs12149832;rs17218700;rs11649091;rs11642841;rs8050124;rs8050133;rs9925400;rs9935366;rs9925952;rs12447691;rs9937429;rs9928425;rs8054859;rs8054908;rs11075995;rs2042032;rs7190842;rs3848299;rs3826169;rs12933168;rs8060823;rs8058930;rs8061518;rs11448349;rs6499648;rs9923295;rs9936016;rs9924896;rs9936112;rs4784325;rs4784326;rs34520034;rs10521307;rs9302652;rs9934528;rs9934773;rs6499653,ENSG00000087245,1,ENSG00000087245,MMP2
1,16:53720001-53760000,16:55320001-55360000,6.772532e-08,HiC,GSE87112,Right_Ventricle,intra,rs7205986;rs7206010;rs8043738;rs8063472;rs8058460;rs76488452;rs78020297;rs4386132,ENSG00000159387,1,ENSG00000159387,IRX6
1,16:53760001-53800000,16:54960001-55000000,8.340884e-08,HiC,GSE87112,Right_Ventricle,intra,rs146120317;rs77276051;rs58614245;rs60307234;rs117502563;rs4280233;rs113735368;rs76062288;rs76036961;rs7203521;rs6499640;rs16952479;rs8048396;rs8059991;rs6499641;rs4548860;rs4396532;rs56886863;rs77715413;rs34755534;rs182781646;rs1075440;rs11643744;rs74498370;rs13333228;rs17525605;rs8055259;rs11394373;rs4784323;rs7206790;rs28429148;rs8047395;rs8047587;rs200616697;rs201940822;rs199952722;rs57292959;rs9937521;rs28562191;rs11383210;rs9937053;rs9937354;rs9928094;16:53799977:G:T;rs9930397,ENSG00000176842,1,ENSG00000176842,IRX5
1,16:53720001-53760000,16:54960001-55000000,7.078646e-09,HiC,GSE87112,GM12878,intra,rs7205986;rs7206010;rs8043738;rs8063472;rs8058460;rs76488452;rs78020297;rs4386132,ENSG00000176842,1,ENSG00000176842,IRX5
1,16:53640001-53680000,16:54280001-54320000,6.693864e-20,HiC,GSE87112,IMR90,intra,rs117094130,ENSG00000259517,1,ENSG00000259517,RP11-324D17.1
1,16:53640001-53680000,16:54320001-54360000,6.0359669999999996e-30,HiC,GSE87112,IMR90,intra,rs117094130,ENSG00000177508,1,ENSG00000177508,IRX3
1,16:53640001-53680000,16:54960001-55000000,1.8181479999999998e-57,HiC,GSE87112,IMR90,intra,rs117094130,ENSG00000176842,1,ENSG00000176842,IRX5
1,16:53640001-53680000,16:55320001-55360000,1.1290619999999999e-34,HiC,GSE87112,IMR90,intra,rs117094130,ENSG00000159387,1,ENSG00000159387,IRX6
1,16:53640001-53680000,16:55400001-55440000,1.505445e-61,HiC,GSE87112,IMR90,intra,rs117094130,ENSG00000087245,1,ENSG00000087245,MMP2
1,16:53640001-53680000,16:55520001-55560000,4.489403e-17,HiC,GSE87112,IMR90,intra,rs117094130,ENSG00000087253,1,ENSG00000087253,LPCAT2
1,16:53640001-53680000,16:55600001-55640000,3.347476e-09,HiC,GSE87112,IMR90,intra,rs117094130,ENSG00000256812,1,ENSG00000256812,CAPNS2
1,16:53640001-53680000,16:55680001-55720000,1.089887e-17,HiC,GSE87112,IMR90,intra,rs117094130,ENSG00000103546,1,ENSG00000103546,SLC6A2
1,16:53640001-53680000,16:55840001-55880000,2.596604e-07,HiC,GSE87112,IMR90,intra,rs117094130,ENSG00000198848,1,ENSG00000198848,CES1
1,16:53640001-53680000,16:56200001-56240000,2.083214e-09,HiC,GSE87112,IMR90,intra,rs117094130,ENSG00000087258,1,ENSG00000087258,GNAO1
1,16:53640001-53680000,16:56480001-56520000,3.147985e-09,HiC,GSE87112,IMR90,intra,rs117094130,ENSG00000087263:ENSG00000167005,1,,
1,16:53720001-53760000,16:54280001-54320000,2.12432e-24,HiC,GSE87112,IMR90,intra,rs7205986;rs7206010;rs8043738;rs8063472;rs8058460;rs76488452;rs78020297;rs4386132,ENSG00000259517,1,ENSG00000259517,RP11-324D17.1
1,16:53720001-53760000,16:54320001-54360000,8.601259e-11,HiC,GSE87112,IMR90,intra,rs7205986;rs7206010;rs8043738;rs8063472;rs8058460;rs76488452;rs78020297;rs4386132,ENSG00000177508,1,ENSG00000177508,IRX3
1,16:53720001-53760000,16:54960001-55000000,1.4816780000000001e-33,HiC,GSE87112,IMR90,intra,rs7205986;rs7206010;rs8043738;rs8063472;rs8058460;rs76488452;rs78020297;rs4386132,ENSG00000176842,1,ENSG00000176842,IRX5
1,16:53720001-53760000,16:55320001-55360000,6.323805999999999e-19,HiC,GSE87112,IMR90,intra,rs7205986;rs7206010;rs8043738;rs8063472;rs8058460;rs76488452;rs78020297;rs4386132,ENSG00000159387,1,ENSG00000159387,IRX6
1,16:53720001-53760000,16:55400001-55440000,1.532882e-14,HiC,GSE87112,IMR90,intra,rs7205986;rs7206010;rs8043738;rs8063472;rs8058460;rs76488452;rs78020297;rs4386132,ENSG00000087245,1,ENSG00000087245,MMP2
1,16:53720001-53760000,16:55520001-55560000,3.637455e-18,HiC,GSE87112,IMR90,intra,rs7205986;rs7206010;rs8043738;rs8063472;rs8058460;rs76488452;rs78020297;rs4386132,ENSG00000087253,1,ENSG00000087253,LPCAT2
1,16:53720001-53760000,16:55600001-55640000,3.309001e-10,HiC,GSE87112,IMR90,intra,rs7205986;rs7206010;rs8043738;rs8063472;rs8058460;rs76488452;rs78020297;rs4386132,ENSG00000256812,1,ENSG00000256812,CAPNS2
1,16:53720001-53760000,16:55960001-56000000,9.761132e-12,HiC,GSE87112,IMR90,intra,rs7205986;rs7206010;rs8043738;rs8063472;rs8058460;rs76488452;rs78020297;rs4386132,ENSG00000159398,1,ENSG00000159398,CES5A
1,16:53760001-53800000,16:54280001-54320000,2.4929579999999997e-19,HiC,GSE87112,IMR90,intra,rs146120317;rs77276051;rs58614245;rs60307234;rs117502563;rs4280233;rs113735368;rs76062288;rs76036961;rs7203521;rs6499640;rs16952479;rs8048396;rs8059991;rs6499641;rs4548860;rs4396532;rs56886863;rs77715413;rs34755534;rs182781646;rs1075440;rs11643744;rs74498370;rs13333228;rs17525605;rs8055259;rs11394373;rs4784323;rs7206790;rs28429148;rs8047395;rs8047587;rs200616697;rs201940822;rs199952722;rs57292959;rs9937521;rs28562191;rs11383210;rs9937053;rs9937354;rs9928094;16:53799977:G:T;rs9930397,ENSG00000259517,1,ENSG00000259517,RP11-324D17.1
1,16:53760001-53800000,16:54320001-54360000,6.305816000000001e-17,HiC,GSE87112,IMR90,intra,rs146120317;rs77276051;rs58614245;rs60307234;rs117502563;rs4280233;rs113735368;rs76062288;rs76036961;rs7203521;rs6499640;rs16952479;rs8048396;rs8059991;rs6499641;rs4548860;rs4396532;rs56886863;rs77715413;rs34755534;rs182781646;rs1075440;rs11643744;rs74498370;rs13333228;rs17525605;rs8055259;rs11394373;rs4784323;rs7206790;rs28429148;rs8047395;rs8047587;rs200616697;rs201940822;rs199952722;rs57292959;rs9937521;rs28562191;rs11383210;rs9937053;rs9937354;rs9928094;16:53799977:G:T;rs9930397,ENSG00000177508,1,ENSG00000177508,IRX3
1,16:53760001-53800000,16:54960001-55000000,8.323107e-94,HiC,GSE87112,IMR90,intra,rs146120317;rs77276051;rs58614245;rs60307234;rs117502563;rs4280233;rs113735368;rs76062288;rs76036961;rs7203521;rs6499640;rs16952479;rs8048396;rs8059991;rs6499641;rs4548860;rs4396532;rs56886863;rs77715413;rs34755534;rs182781646;rs1075440;rs11643744;rs74498370;rs13333228;rs17525605;rs8055259;rs11394373;rs4784323;rs7206790;rs28429148;rs8047395;rs8047587;rs200616697;rs201940822;rs199952722;rs57292959;rs9937521;rs28562191;rs11383210;rs9937053;rs9937354;rs9928094;16:53799977:G:T;rs9930397,ENSG00000176842,1,ENSG00000176842,IRX5
1,16:53760001-53800000,16:55320001-55360000,8.945752e-21,HiC,GSE87112,IMR90,intra,rs146120317;rs77276051;rs58614245;rs60307234;rs117502563;rs4280233;rs113735368;rs76062288;rs76036961;rs7203521;rs6499640;rs16952479;rs8048396;rs8059991;rs6499641;rs4548860;rs4396532;rs56886863;rs77715413;rs34755534;rs182781646;rs1075440;rs11643744;rs74498370;rs13333228;rs17525605;rs8055259;rs11394373;rs4784323;rs7206790;rs28429148;rs8047395;rs8047587;rs200616697;rs201940822;rs199952722;rs57292959;rs9937521;rs28562191;rs11383210;rs9937053;rs9937354;rs9928094;16:53799977:G:T;rs9930397,ENSG00000159387,1,ENSG00000159387,IRX6
1,16:53760001-53800000,16:55400001-55440000,2.0782029999999998e-26,HiC,GSE87112,IMR90,intra,rs146120317;rs77276051;rs58614245;rs60307234;rs117502563;rs4280233;rs113735368;rs76062288;rs76036961;rs7203521;rs6499640;rs16952479;rs8048396;rs8059991;rs6499641;rs4548860;rs4396532;rs56886863;rs77715413;rs34755534;rs182781646;rs1075440;rs11643744;rs74498370;rs13333228;rs17525605;rs8055259;rs11394373;rs4784323;rs7206790;rs28429148;rs8047395;rs8047587;rs200616697;rs201940822;rs199952722;rs57292959;rs9937521;rs28562191;rs11383210;rs9937053;rs9937354;rs9928094;16:53799977:G:T;rs9930397,ENSG00000087245,1,ENSG00000087245,MMP2
1,16:53760001-53800000,16:55520001-55560000,4.160862e-43,HiC,GSE87112,IMR90,intra,rs146120317;rs77276051;rs58614245;rs60307234;rs117502563;rs4280233;rs113735368;rs76062288;rs76036961;rs7203521;rs6499640;rs16952479;rs8048396;rs8059991;rs6499641;rs4548860;rs4396532;rs56886863;rs77715413;rs34755534;rs182781646;rs1075440;rs11643744;rs74498370;rs13333228;rs17525605;rs8055259;rs11394373;rs4784323;rs7206790;rs28429148;rs8047395;rs8047587;rs200616697;rs201940822;rs199952722;rs57292959;rs9937521;rs28562191;rs11383210;rs9937053;rs9937354;rs9928094;16:53799977:G:T;rs9930397,ENSG00000087253,1,ENSG00000087253,LPCAT2
1,16:53760001-53800000,16:55600001-55640000,4.486973e-10,HiC,GSE87112,IMR90,intra,rs146120317;rs77276051;rs58614245;rs60307234;rs117502563;rs4280233;rs113735368;rs76062288;rs76036961;rs7203521;rs6499640;rs16952479;rs8048396;rs8059991;rs6499641;rs4548860;rs4396532;rs56886863;rs77715413;rs34755534;rs182781646;rs1075440;rs11643744;rs74498370;rs13333228;rs17525605;rs8055259;rs11394373;rs4784323;rs7206790;rs28429148;rs8047395;rs8047587;rs200616697;rs201940822;rs199952722;rs57292959;rs9937521;rs28562191;rs11383210;rs9937053;rs9937354;rs9928094;16:53799977:G:T;rs9930397,ENSG00000256812,1,ENSG00000256812,CAPNS2
1,16:53760001-53800000,16:55680001-55720000,2.45203e-14,HiC,GSE87112,IMR90,intra,rs146120317;rs77276051;rs58614245;rs60307234;rs117502563;rs4280233;rs113735368;rs76062288;rs76036961;rs7203521;rs6499640;rs16952479;rs8048396;rs8059991;rs6499641;rs4548860;rs4396532;rs56886863;rs77715413;rs34755534;rs182781646;rs1075440;rs11643744;rs74498370;rs13333228;rs17525605;rs8055259;rs11394373;rs4784323;rs7206790;rs28429148;rs8047395;rs8047587;rs200616697;rs201940822;rs199952722;rs57292959;rs9937521;rs28562191;rs11383210;rs9937053;rs9937354;rs9928094;16:53799977:G:T;rs9930397,ENSG00000103546,1,ENSG00000103546,SLC6A2
1,16:53760001-53800000,16:55960001-56000000,5.87796e-19,HiC,GSE87112,IMR90,intra,rs146120317;rs77276051;rs58614245;rs60307234;rs117502563;rs4280233;rs113735368;rs76062288;rs76036961;rs7203521;rs6499640;rs16952479;rs8048396;rs8059991;rs6499641;rs4548860;rs4396532;rs56886863;rs77715413;rs34755534;rs182781646;rs1075440;rs11643744;rs74498370;rs13333228;rs17525605;rs8055259;rs11394373;rs4784323;rs7206790;rs28429148;rs8047395;rs8047587;rs200616697;rs201940822;rs199952722;rs57292959;rs9937521;rs28562191;rs11383210;rs9937053;rs9937354;rs9928094;16:53799977:G:T;rs9930397,ENSG00000159398,1,ENSG00000159398,CES5A
1,16:53760001-53800000,16:56440001-56480000,1.815887e-07,HiC,GSE87112,IMR90,intra,rs146120317;rs77276051;rs58614245;rs60307234;rs117502563;rs4280233;rs113735368;rs76062288;rs76036961;rs7203521;rs6499640;rs16952479;rs8048396;rs8059991;rs6499641;rs4548860;rs4396532;rs56886863;rs77715413;rs34755534;rs182781646;rs1075440;rs11643744;rs74498370;rs13333228;rs17525605;rs8055259;rs11394373;rs4784323;rs7206790;rs28429148;rs8047395;rs8047587;rs200616697;rs201940822;rs199952722;rs57292959;rs9937521;rs28562191;rs11383210;rs9937053;rs9937354;rs9928094;16:53799977:G:T;rs9930397,ENSG00000159461,1,ENSG00000159461,AMFR
1,16:53800001-53840000,16:54280001-54320000,3.925155e-28,HiC,GSE87112,IMR90,intra,rs9940278;rs9939973;rs117430099;rs117696251;rs9940646;rs9940128;rs1421085;rs111240785;rs1421086;rs9923147;rs9923544;rs11642015;rs16952520;rs8055197;rs1558901;rs62048402;rs1558902;rs1861866;rs10852521;rs11075985;rs113940176;rs9922047;rs56094641;rs10718688;rs16952522;rs17817288;rs55872725;rs1121980;rs73612011;rs7187250;rs7193144;rs62033399;rs62033400;rs8063057;rs8057044;rs71863246;rs17817449;rs8043757;rs8063946;rs9972653;rs62033401;rs11075987;rs17817497;rs8050136;rs8051591;rs9935401;rs9933509;rs3751812;rs3751813;rs3751814;rs9931900;rs56313538;rs9936385;rs9923233;rs9923312;rs11075988;rs11075989;rs11075990;rs11075991;rs11075992;rs9926289;rs9939609;rs9937709;16:53820996:C:G;rs17817712;rs112232322;rs7206410;rs7206629;rs7202116;rs7202296;rs7201850;rs66908032;rs113935429;rs113819629;rs199904341;rs72803697;rs62033403;rs62033404;rs62033405;rs7206122;rs7190396;rs530568312;rs7185735;rs2042029;rs2042030;rs76716785;rs79994966;rs28449464;rs200847717;rs28432761;rs11647020;rs11646715;rs141816793;rs62033406;rs9941349;rs56137030;rs28567725;rs75222427;rs9931494;rs10468280;rs76442450;rs62033408;rs73612051;rs17817964;rs73607075;rs201399553;rs62033413;rs9930501;rs9930506;rs9932754;rs9933040;rs62033414;rs9922708;rs72805611;rs9922619;rs78080501;rs4783821;rs7188250;rs72805612;rs12596054;rs149519344;rs114078316;rs79131477;rs59995142;rs11075993;rs72805613;rs73607083;rs62033416;rs8044769,ENSG00000259517,1,ENSG00000259517,RP11-324D17.1
1,16:53800001-53840000,16:54320001-54360000,1.1121419999999999e-24,HiC,GSE87112,IMR90,intra,rs9940278;rs9939973;rs117430099;rs117696251;rs9940646;rs9940128;rs1421085;rs111240785;rs1421086;rs9923147;rs9923544;rs11642015;rs16952520;rs8055197;rs1558901;rs62048402;rs1558902;rs1861866;rs10852521;rs11075985;rs113940176;rs9922047;rs56094641;rs10718688;rs16952522;rs17817288;rs55872725;rs1121980;rs73612011;rs7187250;rs7193144;rs62033399;rs62033400;rs8063057;rs8057044;rs71863246;rs17817449;rs8043757;rs8063946;rs9972653;rs62033401;rs11075987;rs17817497;rs8050136;rs8051591;rs9935401;rs9933509;rs3751812;rs3751813;rs3751814;rs9931900;rs56313538;rs9936385;rs9923233;rs9923312;rs11075988;rs11075989;rs11075990;rs11075991;rs11075992;rs9926289;rs9939609;rs9937709;16:53820996:C:G;rs17817712;rs112232322;rs7206410;rs7206629;rs7202116;rs7202296;rs7201850;rs66908032;rs113935429;rs113819629;rs199904341;rs72803697;rs62033403;rs62033404;rs62033405;rs7206122;rs7190396;rs530568312;rs7185735;rs2042029;rs2042030;rs76716785;rs79994966;rs28449464;rs200847717;rs28432761;rs11647020;rs11646715;rs141816793;rs62033406;rs9941349;rs56137030;rs28567725;rs75222427;rs9931494;rs10468280;rs76442450;rs62033408;rs73612051;rs17817964;rs73607075;rs201399553;rs62033413;rs9930501;rs9930506;rs9932754;rs9933040;rs62033414;rs9922708;rs72805611;rs9922619;rs78080501;rs4783821;rs7188250;rs72805612;rs12596054;rs149519344;rs114078316;rs79131477;rs59995142;rs11075993;rs72805613;rs73607083;rs62033416;rs8044769,ENSG00000177508,1,ENSG00000177508,IRX3
1,16:53800001-53840000,16:54960001-55000000,1.691811e-88,HiC,GSE87112,IMR90,intra,rs9940278;rs9939973;rs117430099;rs117696251;rs9940646;rs9940128;rs1421085;rs111240785;rs1421086;rs9923147;rs9923544;rs11642015;rs16952520;rs8055197;rs1558901;rs62048402;rs1558902;rs1861866;rs10852521;rs11075985;rs113940176;rs9922047;rs56094641;rs10718688;rs16952522;rs17817288;rs55872725;rs1121980;rs73612011;rs7187250;rs7193144;rs62033399;rs62033400;rs8063057;rs8057044;rs71863246;rs17817449;rs8043757;rs8063946;rs9972653;rs62033401;rs11075987;rs17817497;rs8050136;rs8051591;rs9935401;rs9933509;rs3751812;rs3751813;rs3751814;rs9931900;rs56313538;rs9936385;rs9923233;rs9923312;rs11075988;rs11075989;rs11075990;rs11075991;rs11075992;rs9926289;rs9939609;rs9937709;16:53820996:C:G;rs17817712;rs112232322;rs7206410;rs7206629;rs7202116;rs7202296;rs7201850;rs66908032;rs113935429;rs113819629;rs199904341;rs72803697;rs62033403;rs62033404;rs62033405;rs7206122;rs7190396;rs530568312;rs7185735;rs2042029;rs2042030;rs76716785;rs79994966;rs28449464;rs200847717;rs28432761;rs11647020;rs11646715;rs141816793;rs62033406;rs9941349;rs56137030;rs28567725;rs75222427;rs9931494;rs10468280;rs76442450;rs62033408;rs73612051;rs17817964;rs73607075;rs201399553;rs62033413;rs9930501;rs9930506;rs9932754;rs9933040;rs62033414;rs9922708;rs72805611;rs9922619;rs78080501;rs4783821;rs7188250;rs72805612;rs12596054;rs149519344;rs114078316;rs79131477;rs59995142;rs11075993;rs72805613;rs73607083;rs62033416;rs8044769,ENSG00000176842,1,ENSG00000176842,IRX5
1,16:53800001-53840000,16:55320001-55360000,3.125468e-28,HiC,GSE87112,IMR90,intra,rs9940278;rs9939973;rs117430099;rs117696251;rs9940646;rs9940128;rs1421085;rs111240785;rs1421086;rs9923147;rs9923544;rs11642015;rs16952520;rs8055197;rs1558901;rs62048402;rs1558902;rs1861866;rs10852521;rs11075985;rs113940176;rs9922047;rs56094641;rs10718688;rs16952522;rs17817288;rs55872725;rs1121980;rs73612011;rs7187250;rs7193144;rs62033399;rs62033400;rs8063057;rs8057044;rs71863246;rs17817449;rs8043757;rs8063946;rs9972653;rs62033401;rs11075987;rs17817497;rs8050136;rs8051591;rs9935401;rs9933509;rs3751812;rs3751813;rs3751814;rs9931900;rs56313538;rs9936385;rs9923233;rs9923312;rs11075988;rs11075989;rs11075990;rs11075991;rs11075992;rs9926289;rs9939609;rs9937709;16:53820996:C:G;rs17817712;rs112232322;rs7206410;rs7206629;rs7202116;rs7202296;rs7201850;rs66908032;rs113935429;rs113819629;rs199904341;rs72803697;rs62033403;rs62033404;rs62033405;rs7206122;rs7190396;rs530568312;rs7185735;rs2042029;rs2042030;rs76716785;rs79994966;rs28449464;rs200847717;rs28432761;rs11647020;rs11646715;rs141816793;rs62033406;rs9941349;rs56137030;rs28567725;rs75222427;rs9931494;rs10468280;rs76442450;rs62033408;rs73612051;rs17817964;rs73607075;rs201399553;rs62033413;rs9930501;rs9930506;rs9932754;rs9933040;rs62033414;rs9922708;rs72805611;rs9922619;rs78080501;rs4783821;rs7188250;rs72805612;rs12596054;rs149519344;rs114078316;rs79131477;rs59995142;rs11075993;rs72805613;rs73607083;rs62033416;rs8044769,ENSG00000159387,1,ENSG00000159387,IRX6
1,16:53800001-53840000,16:55400001-55440000,1.28437e-27,HiC,GSE87112,IMR90,intra,rs9940278;rs9939973;rs117430099;rs117696251;rs9940646;rs9940128;rs1421085;rs111240785;rs1421086;rs9923147;rs9923544;rs11642015;rs16952520;rs8055197;rs1558901;rs62048402;rs1558902;rs1861866;rs10852521;rs11075985;rs113940176;rs9922047;rs56094641;rs10718688;rs16952522;rs17817288;rs55872725;rs1121980;rs73612011;rs7187250;rs7193144;rs62033399;rs62033400;rs8063057;rs8057044;rs71863246;rs17817449;rs8043757;rs8063946;rs9972653;rs62033401;rs11075987;rs17817497;rs8050136;rs8051591;rs9935401;rs9933509;rs3751812;rs3751813;rs3751814;rs9931900;rs56313538;rs9936385;rs9923233;rs9923312;rs11075988;rs11075989;rs11075990;rs11075991;rs11075992;rs9926289;rs9939609;rs9937709;16:53820996:C:G;rs17817712;rs112232322;rs7206410;rs7206629;rs7202116;rs7202296;rs7201850;rs66908032;rs113935429;rs113819629;rs199904341;rs72803697;rs62033403;rs62033404;rs62033405;rs7206122;rs7190396;rs530568312;rs7185735;rs2042029;rs2042030;rs76716785;rs79994966;rs28449464;rs200847717;rs28432761;rs11647020;rs11646715;rs141816793;rs62033406;rs9941349;rs56137030;rs28567725;rs75222427;rs9931494;rs10468280;rs76442450;rs62033408;rs73612051;rs17817964;rs73607075;rs201399553;rs62033413;rs9930501;rs9930506;rs9932754;rs9933040;rs62033414;rs9922708;rs72805611;rs9922619;rs78080501;rs4783821;rs7188250;rs72805612;rs12596054;rs149519344;rs114078316;rs79131477;rs59995142;rs11075993;rs72805613;rs73607083;rs62033416;rs8044769,ENSG00000087245,1,ENSG00000087245,MMP2
1,16:53800001-53840000,16:55520001-55560000,7.922433000000001e-39,HiC,GSE87112,IMR90,intra,rs9940278;rs9939973;rs117430099;rs117696251;rs9940646;rs9940128;rs1421085;rs111240785;rs1421086;rs9923147;rs9923544;rs11642015;rs16952520;rs8055197;rs1558901;rs62048402;rs1558902;rs1861866;rs10852521;rs11075985;rs113940176;rs9922047;rs56094641;rs10718688;rs16952522;rs17817288;rs55872725;rs1121980;rs73612011;rs7187250;rs7193144;rs62033399;rs62033400;rs8063057;rs8057044;rs71863246;rs17817449;rs8043757;rs8063946;rs9972653;rs62033401;rs11075987;rs17817497;rs8050136;rs8051591;rs9935401;rs9933509;rs3751812;rs3751813;rs3751814;rs9931900;rs56313538;rs9936385;rs9923233;rs9923312;rs11075988;rs11075989;rs11075990;rs11075991;rs11075992;rs9926289;rs9939609;rs9937709;16:53820996:C:G;rs17817712;rs112232322;rs7206410;rs7206629;rs7202116;rs7202296;rs7201850;rs66908032;rs113935429;rs113819629;rs199904341;rs72803697;rs62033403;rs62033404;rs62033405;rs7206122;rs7190396;rs530568312;rs7185735;rs2042029;rs2042030;rs76716785;rs79994966;rs28449464;rs200847717;rs28432761;rs11647020;rs11646715;rs141816793;rs62033406;rs9941349;rs56137030;rs28567725;rs75222427;rs9931494;rs10468280;rs76442450;rs62033408;rs73612051;rs17817964;rs73607075;rs201399553;rs62033413;rs9930501;rs9930506;rs9932754;rs9933040;rs62033414;rs9922708;rs72805611;rs9922619;rs78080501;rs4783821;rs7188250;rs72805612;rs12596054;rs149519344;rs114078316;rs79131477;rs59995142;rs11075993;rs72805613;rs73607083;rs62033416;rs8044769,ENSG00000087253,1,ENSG00000087253,LPCAT2
1,16:53800001-53840000,16:55680001-55720000,9.922062e-07,HiC,GSE87112,IMR90,intra,rs9940278;rs9939973;rs117430099;rs117696251;rs9940646;rs9940128;rs1421085;rs111240785;rs1421086;rs9923147;rs9923544;rs11642015;rs16952520;rs8055197;rs1558901;rs62048402;rs1558902;rs1861866;rs10852521;rs11075985;rs113940176;rs9922047;rs56094641;rs10718688;rs16952522;rs17817288;rs55872725;rs1121980;rs73612011;rs7187250;rs7193144;rs62033399;rs62033400;rs8063057;rs8057044;rs71863246;rs17817449;rs8043757;rs8063946;rs9972653;rs62033401;rs11075987;rs17817497;rs8050136;rs8051591;rs9935401;rs9933509;rs3751812;rs3751813;rs3751814;rs9931900;rs56313538;rs9936385;rs9923233;rs9923312;rs11075988;rs11075989;rs11075990;rs11075991;rs11075992;rs9926289;rs9939609;rs9937709;16:53820996:C:G;rs17817712;rs112232322;rs7206410;rs7206629;rs7202116;rs7202296;rs7201850;rs66908032;rs113935429;rs113819629;rs199904341;rs72803697;rs62033403;rs62033404;rs62033405;rs7206122;rs7190396;rs530568312;rs7185735;rs2042029;rs2042030;rs76716785;rs79994966;rs28449464;rs200847717;rs28432761;rs11647020;rs11646715;rs141816793;rs62033406;rs9941349;rs56137030;rs28567725;rs75222427;rs9931494;rs10468280;rs76442450;rs62033408;rs73612051;rs17817964;rs73607075;rs201399553;rs62033413;rs9930501;rs9930506;rs9932754;rs9933040;rs62033414;rs9922708;rs72805611;rs9922619;rs78080501;rs4783821;rs7188250;rs72805612;rs12596054;rs149519344;rs114078316;rs79131477;rs59995142;rs11075993;rs72805613;rs73607083;rs62033416;rs8044769,ENSG00000103546,1,ENSG00000103546,SLC6A2
1,16:53800001-53840000,16:55960001-56000000,2.9861e-07,HiC,GSE87112,IMR90,intra,rs9940278;rs9939973;rs117430099;rs117696251;rs9940646;rs9940128;rs1421085;rs111240785;rs1421086;rs9923147;rs9923544;rs11642015;rs16952520;rs8055197;rs1558901;rs62048402;rs1558902;rs1861866;rs10852521;rs11075985;rs113940176;rs9922047;rs56094641;rs10718688;rs16952522;rs17817288;rs55872725;rs1121980;rs73612011;rs7187250;rs7193144;rs62033399;rs62033400;rs8063057;rs8057044;rs71863246;rs17817449;rs8043757;rs8063946;rs9972653;rs62033401;rs11075987;rs17817497;rs8050136;rs8051591;rs9935401;rs9933509;rs3751812;rs3751813;rs3751814;rs9931900;rs56313538;rs9936385;rs9923233;rs9923312;rs11075988;rs11075989;rs11075990;rs11075991;rs11075992;rs9926289;rs9939609;rs9937709;16:53820996:C:G;rs17817712;rs112232322;rs7206410;rs7206629;rs7202116;rs7202296;rs7201850;rs66908032;rs113935429;rs113819629;rs199904341;rs72803697;rs62033403;rs62033404;rs62033405;rs7206122;rs7190396;rs530568312;rs7185735;rs2042029;rs2042030;rs76716785;rs79994966;rs28449464;rs200847717;rs28432761;rs11647020;rs11646715;rs141816793;rs62033406;rs9941349;rs56137030;rs28567725;rs75222427;rs9931494;rs10468280;rs76442450;rs62033408;rs73612051;rs17817964;rs73607075;rs201399553;rs62033413;rs9930501;rs9930506;rs9932754;rs9933040;rs62033414;rs9922708;rs72805611;rs9922619;rs78080501;rs4783821;rs7188250;rs72805612;rs12596054;rs149519344;rs114078316;rs79131477;rs59995142;rs11075993;rs72805613;rs73607083;rs62033416;rs8044769,ENSG00000159398,1,ENSG00000159398,CES5A
1,16:53840001-53880000,16:54280001-54320000,1.367072e-11,HiC,GSE87112,IMR90,intra,rs12149574;rs58239912;rs111357538;rs12149832;rs17218700;rs11649091;rs11642841;rs8050124;rs8050133;rs9925400;rs9935366;rs9925952;rs12447691;rs9937429;rs9928425;rs8054859;rs8054908;rs11075995;rs2042032;rs7190842;rs3848299;rs3826169;rs12933168;rs8060823;rs8058930;rs8061518;rs11448349;rs6499648;rs9923295;rs9936016;rs9924896;rs9936112;rs4784325;rs4784326;rs34520034;rs10521307;rs9302652;rs9934528;rs9934773;rs6499653,ENSG00000259517,1,ENSG00000259517,RP11-324D17.1
1,16:53840001-53880000,16:54320001-54360000,1.403046e-21,HiC,GSE87112,IMR90,intra,rs12149574;rs58239912;rs111357538;rs12149832;rs17218700;rs11649091;rs11642841;rs8050124;rs8050133;rs9925400;rs9935366;rs9925952;rs12447691;rs9937429;rs9928425;rs8054859;rs8054908;rs11075995;rs2042032;rs7190842;rs3848299;rs3826169;rs12933168;rs8060823;rs8058930;rs8061518;rs11448349;rs6499648;rs9923295;rs9936016;rs9924896;rs9936112;rs4784325;rs4784326;rs34520034;rs10521307;rs9302652;rs9934528;rs9934773;rs6499653,ENSG00000177508,1,ENSG00000177508,IRX3
1,16:53840001-53880000,16:54960001-55000000,1.790262e-43,HiC,GSE87112,IMR90,intra,rs12149574;rs58239912;rs111357538;rs12149832;rs17218700;rs11649091;rs11642841;rs8050124;rs8050133;rs9925400;rs9935366;rs9925952;rs12447691;rs9937429;rs9928425;rs8054859;rs8054908;rs11075995;rs2042032;rs7190842;rs3848299;rs3826169;rs12933168;rs8060823;rs8058930;rs8061518;rs11448349;rs6499648;rs9923295;rs9936016;rs9924896;rs9936112;rs4784325;rs4784326;rs34520034;rs10521307;rs9302652;rs9934528;rs9934773;rs6499653,ENSG00000176842,1,ENSG00000176842,IRX5
1,16:53840001-53880000,16:55320001-55360000,3.982879e-30,HiC,GSE87112,IMR90,intra,rs12149574;rs58239912;rs111357538;rs12149832;rs17218700;rs11649091;rs11642841;rs8050124;rs8050133;rs9925400;rs9935366;rs9925952;rs12447691;rs9937429;rs9928425;rs8054859;rs8054908;rs11075995;rs2042032;rs7190842;rs3848299;rs3826169;rs12933168;rs8060823;rs8058930;rs8061518;rs11448349;rs6499648;rs9923295;rs9936016;rs9924896;rs9936112;rs4784325;rs4784326;rs34520034;rs10521307;rs9302652;rs9934528;rs9934773;rs6499653,ENSG00000159387,1,ENSG00000159387,IRX6
1,16:53840001-53880000,16:55400001-55440000,2.8201529999999996e-19,HiC,GSE87112,IMR90,intra,rs12149574;rs58239912;rs111357538;rs12149832;rs17218700;rs11649091;rs11642841;rs8050124;rs8050133;rs9925400;rs9935366;rs9925952;rs12447691;rs9937429;rs9928425;rs8054859;rs8054908;rs11075995;rs2042032;rs7190842;rs3848299;rs3826169;rs12933168;rs8060823;rs8058930;rs8061518;rs11448349;rs6499648;rs9923295;rs9936016;rs9924896;rs9936112;rs4784325;rs4784326;rs34520034;rs10521307;rs9302652;rs9934528;rs9934773;rs6499653,ENSG00000087245,1,ENSG00000087245,MMP2
1,16:53840001-53880000,16:55520001-55560000,5.684082000000001e-52,HiC,GSE87112,IMR90,intra,rs12149574;rs58239912;rs111357538;rs12149832;rs17218700;rs11649091;rs11642841;rs8050124;rs8050133;rs9925400;rs9935366;rs9925952;rs12447691;rs9937429;rs9928425;rs8054859;rs8054908;rs11075995;rs2042032;rs7190842;rs3848299;rs3826169;rs12933168;rs8060823;rs8058930;rs8061518;rs11448349;rs6499648;rs9923295;rs9936016;rs9924896;rs9936112;rs4784325;rs4784326;rs34520034;rs10521307;rs9302652;rs9934528;rs9934773;rs6499653,ENSG00000087253,1,ENSG00000087253,LPCAT2
1,16:53840001-53880000,16:55600001-55640000,1.195706e-11,HiC,GSE87112,IMR90,intra,rs12149574;rs58239912;rs111357538;rs12149832;rs17218700;rs11649091;rs11642841;rs8050124;rs8050133;rs9925400;rs9935366;rs9925952;rs12447691;rs9937429;rs9928425;rs8054859;rs8054908;rs11075995;rs2042032;rs7190842;rs3848299;rs3826169;rs12933168;rs8060823;rs8058930;rs8061518;rs11448349;rs6499648;rs9923295;rs9936016;rs9924896;rs9936112;rs4784325;rs4784326;rs34520034;rs10521307;rs9302652;rs9934528;rs9934773;rs6499653,ENSG00000256812,1,ENSG00000256812,CAPNS2
1,16:53840001-53880000,16:55680001-55720000,2.483742e-13,HiC,GSE87112,IMR90,intra,rs12149574;rs58239912;rs111357538;rs12149832;rs17218700;rs11649091;rs11642841;rs8050124;rs8050133;rs9925400;rs9935366;rs9925952;rs12447691;rs9937429;rs9928425;rs8054859;rs8054908;rs11075995;rs2042032;rs7190842;rs3848299;rs3826169;rs12933168;rs8060823;rs8058930;rs8061518;rs11448349;rs6499648;rs9923295;rs9936016;rs9924896;rs9936112;rs4784325;rs4784326;rs34520034;rs10521307;rs9302652;rs9934528;rs9934773;rs6499653,ENSG00000103546,1,ENSG00000103546,SLC6A2
1,16:53840001-53880000,16:55960001-56000000,8.139514e-11,HiC,GSE87112,IMR90,intra,rs12149574;rs58239912;rs111357538;rs12149832;rs17218700;rs11649091;rs11642841;rs8050124;rs8050133;rs9925400;rs9935366;rs9925952;rs12447691;rs9937429;rs9928425;rs8054859;rs8054908;rs11075995;rs2042032;rs7190842;rs3848299;rs3826169;rs12933168;rs8060823;rs8058930;rs8061518;rs11448349;rs6499648;rs9923295;rs9936016;rs9924896;rs9936112;rs4784325;rs4784326;rs34520034;rs10521307;rs9302652;rs9934528;rs9934773;rs6499653,ENSG00000159398,1,ENSG00000159398,CES5A
1,16:53840001-53880000,16:56200001-56240000,5.000015e-07,HiC,GSE87112,IMR90,intra,rs12149574;rs58239912;rs111357538;rs12149832;rs17218700;rs11649091;rs11642841;rs8050124;rs8050133;rs9925400;rs9935366;rs9925952;rs12447691;rs9937429;rs9928425;rs8054859;rs8054908;rs11075995;rs2042032;rs7190842;rs3848299;rs3826169;rs12933168;rs8060823;rs8058930;rs8061518;rs11448349;rs6499648;rs9923295;rs9936016;rs9924896;rs9936112;rs4784325;rs4784326;rs34520034;rs10521307;rs9302652;rs9934528;rs9934773;rs6499653,ENSG00000087258,1,ENSG00000087258,GNAO1
1,16:53840001-53880000,16:56440001-56480000,3.046596e-10,HiC,GSE87112,IMR90,intra,rs12149574;rs58239912;rs111357538;rs12149832;rs17218700;rs11649091;rs11642841;rs8050124;rs8050133;rs9925400;rs9935366;rs9925952;rs12447691;rs9937429;rs9928425;rs8054859;rs8054908;rs11075995;rs2042032;rs7190842;rs3848299;rs3826169;rs12933168;rs8060823;rs8058930;rs8061518;rs11448349;rs6499648;rs9923295;rs9936016;rs9924896;rs9936112;rs4784325;rs4784326;rs34520034;rs10521307;rs9302652;rs9934528;rs9934773;rs6499653,ENSG00000159461,1,ENSG00000159461,AMFR
1,16:53840001-53880000,16:56640001-56680000,5.741365e-07,HiC,GSE87112,IMR90,intra,rs12149574;rs58239912;rs111357538;rs12149832;rs17218700;rs11649091;rs11642841;rs8050124;rs8050133;rs9925400;rs9935366;rs9925952;rs12447691;rs9937429;rs9928425;rs8054859;rs8054908;rs11075995;rs2042032;rs7190842;rs3848299;rs3826169;rs12933168;rs8060823;rs8058930;rs8061518;rs11448349;rs6499648;rs9923295;rs9936016;rs9924896;rs9936112;rs4784325;rs4784326;rs34520034;rs10521307;rs9302652;rs9934528;rs9934773;rs6499653,ENSG00000125148:ENSG00000169715:ENSG00000268317:ENSG00000205364:ENSG00000205362,1,,
1,16:53840001-53880000,16:56680001-56720000,2.909138e-07,HiC,GSE87112,IMR90,intra,rs12149574;rs58239912;rs111357538;rs12149832;rs17218700;rs11649091;rs11642841;rs8050124;rs8050133;rs9925400;rs9935366;rs9925952;rs12447691;rs9937429;rs9928425;rs8054859;rs8054908;rs11075995;rs2042032;rs7190842;rs3848299;rs3826169;rs12933168;rs8060823;rs8058930;rs8061518;rs11448349;rs6499648;rs9923295;rs9936016;rs9924896;rs9936112;rs4784325;rs4784326;rs34520034;rs10521307;rs9302652;rs9934528;rs9934773;rs6499653,ENSG00000169688:ENSG00000198417:ENSG00000125144:ENSG00000205358:ENSG00000187193,1,,
1,16:53760001-53800000,16:50760001-50800000,1.485385e-08,HiC,GSE87112,IMR90,intra,rs146120317;rs77276051;rs58614245;rs60307234;rs117502563;rs4280233;rs113735368;rs76062288;rs76036961;rs7203521;rs6499640;rs16952479;rs8048396;rs8059991;rs6499641;rs4548860;rs4396532;rs56886863;rs77715413;rs34755534;rs182781646;rs1075440;rs11643744;rs74498370;rs13333228;rs17525605;rs8055259;rs11394373;rs4784323;rs7206790;rs28429148;rs8047395;rs8047587;rs200616697;rs201940822;rs199952722;rs57292959;rs9937521;rs28562191;rs11383210;rs9937053;rs9937354;rs9928094;16:53799977:G:T;rs9930397,ENSG00000083799,1,ENSG00000083799,CYLD
1,16:53760001-53800000,16:53720001-53760000,1.262857e-23,HiC,GSE87112,IMR90,intra,rs146120317;rs77276051;rs58614245;rs60307234;rs117502563;rs4280233;rs113735368;rs76062288;rs76036961;rs7203521;rs6499640;rs16952479;rs8048396;rs8059991;rs6499641;rs4548860;rs4396532;rs56886863;rs77715413;rs34755534;rs182781646;rs1075440;rs11643744;rs74498370;rs13333228;rs17525605;rs8055259;rs11394373;rs4784323;rs7206790;rs28429148;rs8047395;rs8047587;rs200616697;rs201940822;rs199952722;rs57292959;rs9937521;rs28562191;rs11383210;rs9937053;rs9937354;rs9928094;16:53799977:G:T;rs9930397,ENSG00000103494:ENSG00000140718,1,,
1,16:53800001-53840000,16:53720001-53760000,2.854693e-09,HiC,GSE87112,IMR90,intra,rs9940278;rs9939973;rs117430099;rs117696251;rs9940646;rs9940128;rs1421085;rs111240785;rs1421086;rs9923147;rs9923544;rs11642015;rs16952520;rs8055197;rs1558901;rs62048402;rs1558902;rs1861866;rs10852521;rs11075985;rs113940176;rs9922047;rs56094641;rs10718688;rs16952522;rs17817288;rs55872725;rs1121980;rs73612011;rs7187250;rs7193144;rs62033399;rs62033400;rs8063057;rs8057044;rs71863246;rs17817449;rs8043757;rs8063946;rs9972653;rs62033401;rs11075987;rs17817497;rs8050136;rs8051591;rs9935401;rs9933509;rs3751812;rs3751813;rs3751814;rs9931900;rs56313538;rs9936385;rs9923233;rs9923312;rs11075988;rs11075989;rs11075990;rs11075991;rs11075992;rs9926289;rs9939609;rs9937709;16:53820996:C:G;rs17817712;rs112232322;rs7206410;rs7206629;rs7202116;rs7202296;rs7201850;rs66908032;rs113935429;rs113819629;rs199904341;rs72803697;rs62033403;rs62033404;rs62033405;rs7206122;rs7190396;rs530568312;rs7185735;rs2042029;rs2042030;rs76716785;rs79994966;rs28449464;rs200847717;rs28432761;rs11647020;rs11646715;rs141816793;rs62033406;rs9941349;rs56137030;rs28567725;rs75222427;rs9931494;rs10468280;rs76442450;rs62033408;rs73612051;rs17817964;rs73607075;rs201399553;rs62033413;rs9930501;rs9930506;rs9932754;rs9933040;rs62033414;rs9922708;rs72805611;rs9922619;rs78080501;rs4783821;rs7188250;rs72805612;rs12596054;rs149519344;rs114078316;rs79131477;rs59995142;rs11075993;rs72805613;rs73607083;rs62033416;rs8044769,ENSG00000103494:ENSG00000140718,1,,
1,16:53640001-53680000,16:53720001-53760000,2.129297e-31,HiC,GSE87112,Mesenchymal_Stem_Cell,intra,rs117094130,ENSG00000103494:ENSG00000140718,1,,
1,16:53640001-53680000,16:54280001-54320000,8.948539e-35,HiC,GSE87112,Mesenchymal_Stem_Cell,intra,rs117094130,ENSG00000259517,1,ENSG00000259517,RP11-324D17.1
1,16:53640001-53680000,16:54320001-54360000,1.104833e-26,HiC,GSE87112,Mesenchymal_Stem_Cell,intra,rs117094130,ENSG00000177508,1,ENSG00000177508,IRX3
1,16:53640001-53680000,16:54960001-55000000,4.741048e-55,HiC,GSE87112,Mesenchymal_Stem_Cell,intra,rs117094130,ENSG00000176842,1,ENSG00000176842,IRX5
1,16:53640001-53680000,16:55320001-55360000,2.709079e-63,HiC,GSE87112,Mesenchymal_Stem_Cell,intra,rs117094130,ENSG00000159387,1,ENSG00000159387,IRX6
1,16:53640001-53680000,16:55400001-55440000,7.398132e-35,HiC,GSE87112,Mesenchymal_Stem_Cell,intra,rs117094130,ENSG00000087245,1,ENSG00000087245,MMP2
1,16:53640001-53680000,16:55520001-55560000,4.923994e-19,HiC,GSE87112,Mesenchymal_Stem_Cell,intra,rs117094130,ENSG00000087253,1,ENSG00000087253,LPCAT2
1,16:53640001-53680000,16:55600001-55640000,3.316527e-21,HiC,GSE87112,Mesenchymal_Stem_Cell,intra,rs117094130,ENSG00000256812,1,ENSG00000256812,CAPNS2
1,16:53640001-53680000,16:55680001-55720000,2.928973e-13,HiC,GSE87112,Mesenchymal_Stem_Cell,intra,rs117094130,ENSG00000103546,1,ENSG00000103546,SLC6A2
1,16:53640001-53680000,16:55840001-55880000,4.329076e-11,HiC,GSE87112,Mesenchymal_Stem_Cell,intra,rs117094130,ENSG00000198848,1,ENSG00000198848,CES1
1,16:53640001-53680000,16:55960001-56000000,1.599696e-21,HiC,GSE87112,Mesenchymal_Stem_Cell,intra,rs117094130,ENSG00000159398,1,ENSG00000159398,CES5A
1,16:53640001-53680000,16:56200001-56240000,3.599329e-08,HiC,GSE87112,Mesenchymal_Stem_Cell,intra,rs117094130,ENSG00000087258,1,ENSG00000087258,GNAO1
1,16:53640001-53680000,16:56440001-56480000,9.189199e-08,HiC,GSE87112,Mesenchymal_Stem_Cell,intra,rs117094130,ENSG00000159461,1,ENSG00000159461,AMFR
1,16:53640001-53680000,16:56480001-56520000,2.585419e-07,HiC,GSE87112,Mesenchymal_Stem_Cell,intra,rs117094130,ENSG00000087263:ENSG00000167005,1,,
1,16:53720001-53760000,16:54280001-54320000,2.119724e-29,HiC,GSE87112,Mesenchymal_Stem_Cell,intra,rs7205986;rs7206010;rs8043738;rs8063472;rs8058460;rs76488452;rs78020297;rs4386132,ENSG00000259517,1,ENSG00000259517,RP11-324D17.1
1,16:53720001-53760000,16:54320001-54360000,1.011352e-34,HiC,GSE87112,Mesenchymal_Stem_Cell,intra,rs7205986;rs7206010;rs8043738;rs8063472;rs8058460;rs76488452;rs78020297;rs4386132,ENSG00000177508,1,ENSG00000177508,IRX3
1,16:53720001-53760000,16:54960001-55000000,3.003857e-89,HiC,GSE87112,Mesenchymal_Stem_Cell,intra,rs7205986;rs7206010;rs8043738;rs8063472;rs8058460;rs76488452;rs78020297;rs4386132,ENSG00000176842,1,ENSG00000176842,IRX5
1,16:53720001-53760000,16:55320001-55360000,7.0020199999999994e-37,HiC,GSE87112,Mesenchymal_Stem_Cell,intra,rs7205986;rs7206010;rs8043738;rs8063472;rs8058460;rs76488452;rs78020297;rs4386132,ENSG00000159387,1,ENSG00000159387,IRX6
1,16:53720001-53760000,16:55400001-55440000,6.379268000000001e-32,HiC,GSE87112,Mesenchymal_Stem_Cell,intra,rs7205986;rs7206010;rs8043738;rs8063472;rs8058460;rs76488452;rs78020297;rs4386132,ENSG00000087245,1,ENSG00000087245,MMP2
1,16:53720001-53760000,16:55520001-55560000,1.49708e-33,HiC,GSE87112,Mesenchymal_Stem_Cell,intra,rs7205986;rs7206010;rs8043738;rs8063472;rs8058460;rs76488452;rs78020297;rs4386132,ENSG00000087253,1,ENSG00000087253,LPCAT2
1,16:53720001-53760000,16:55600001-55640000,1.72319e-10,HiC,GSE87112,Mesenchymal_Stem_Cell,intra,rs7205986;rs7206010;rs8043738;rs8063472;rs8058460;rs76488452;rs78020297;rs4386132,ENSG00000256812,1,ENSG00000256812,CAPNS2
1,16:53720001-53760000,16:55680001-55720000,1.390638e-13,HiC,GSE87112,Mesenchymal_Stem_Cell,intra,rs7205986;rs7206010;rs8043738;rs8063472;rs8058460;rs76488452;rs78020297;rs4386132,ENSG00000103546,1,ENSG00000103546,SLC6A2
1,16:53720001-53760000,16:55960001-56000000,6.658689e-12,HiC,GSE87112,Mesenchymal_Stem_Cell,intra,rs7205986;rs7206010;rs8043738;rs8063472;rs8058460;rs76488452;rs78020297;rs4386132,ENSG00000159398,1,ENSG00000159398,CES5A
1,16:53720001-53760000,16:56200001-56240000,3.176942e-09,HiC,GSE87112,Mesenchymal_Stem_Cell,intra,rs7205986;rs7206010;rs8043738;rs8063472;rs8058460;rs76488452;rs78020297;rs4386132,ENSG00000087258,1,ENSG00000087258,GNAO1
1,16:53720001-53760000,16:56440001-56480000,1.427639e-18,HiC,GSE87112,Mesenchymal_Stem_Cell,intra,rs7205986;rs7206010;rs8043738;rs8063472;rs8058460;rs76488452;rs78020297;rs4386132,ENSG00000159461,1,ENSG00000159461,AMFR
1,16:53760001-53800000,16:54280001-54320000,1.1298499999999998e-49,HiC,GSE87112,Mesenchymal_Stem_Cell,intra,rs146120317;rs77276051;rs58614245;rs60307234;rs117502563;rs4280233;rs113735368;rs76062288;rs76036961;rs7203521;rs6499640;rs16952479;rs8048396;rs8059991;rs6499641;rs4548860;rs4396532;rs56886863;rs77715413;rs34755534;rs182781646;rs1075440;rs11643744;rs74498370;rs13333228;rs17525605;rs8055259;rs11394373;rs4784323;rs7206790;rs28429148;rs8047395;rs8047587;rs200616697;rs201940822;rs199952722;rs57292959;rs9937521;rs28562191;rs11383210;rs9937053;rs9937354;rs9928094;16:53799977:G:T;rs9930397,ENSG00000259517,1,ENSG00000259517,RP11-324D17.1
1,16:53760001-53800000,16:54320001-54360000,9.052659000000001e-39,HiC,GSE87112,Mesenchymal_Stem_Cell,intra,rs146120317;rs77276051;rs58614245;rs60307234;rs117502563;rs4280233;rs113735368;rs76062288;rs76036961;rs7203521;rs6499640;rs16952479;rs8048396;rs8059991;rs6499641;rs4548860;rs4396532;rs56886863;rs77715413;rs34755534;rs182781646;rs1075440;rs11643744;rs74498370;rs13333228;rs17525605;rs8055259;rs11394373;rs4784323;rs7206790;rs28429148;rs8047395;rs8047587;rs200616697;rs201940822;rs199952722;rs57292959;rs9937521;rs28562191;rs11383210;rs9937053;rs9937354;rs9928094;16:53799977:G:T;rs9930397,ENSG00000177508,1,ENSG00000177508,IRX3
1,16:53760001-53800000,16:54960001-55000000,9.662426e-108,HiC,GSE87112,Mesenchymal_Stem_Cell,intra,rs146120317;rs77276051;rs58614245;rs60307234;rs117502563;rs4280233;rs113735368;rs76062288;rs76036961;rs7203521;rs6499640;rs16952479;rs8048396;rs8059991;rs6499641;rs4548860;rs4396532;rs56886863;rs77715413;rs34755534;rs182781646;rs1075440;rs11643744;rs74498370;rs13333228;rs17525605;rs8055259;rs11394373;rs4784323;rs7206790;rs28429148;rs8047395;rs8047587;rs200616697;rs201940822;rs199952722;rs57292959;rs9937521;rs28562191;rs11383210;rs9937053;rs9937354;rs9928094;16:53799977:G:T;rs9930397,ENSG00000176842,1,ENSG00000176842,IRX5
1,16:53760001-53800000,16:55320001-55360000,2.669379e-47,HiC,GSE87112,Mesenchymal_Stem_Cell,intra,rs146120317;rs77276051;rs58614245;rs60307234;rs117502563;rs4280233;rs113735368;rs76062288;rs76036961;rs7203521;rs6499640;rs16952479;rs8048396;rs8059991;rs6499641;rs4548860;rs4396532;rs56886863;rs77715413;rs34755534;rs182781646;rs1075440;rs11643744;rs74498370;rs13333228;rs17525605;rs8055259;rs11394373;rs4784323;rs7206790;rs28429148;rs8047395;rs8047587;rs200616697;rs201940822;rs199952722;rs57292959;rs9937521;rs28562191;rs11383210;rs9937053;rs9937354;rs9928094;16:53799977:G:T;rs9930397,ENSG00000159387,1,ENSG00000159387,IRX6
1,16:53760001-53800000,16:55400001-55440000,9.510387000000001e-29,HiC,GSE87112,Mesenchymal_Stem_Cell,intra,rs146120317;rs77276051;rs58614245;rs60307234;rs117502563;rs4280233;rs113735368;rs76062288;rs76036961;rs7203521;rs6499640;rs16952479;rs8048396;rs8059991;rs6499641;rs4548860;rs4396532;rs56886863;rs77715413;rs34755534;rs182781646;rs1075440;rs11643744;rs74498370;rs13333228;rs17525605;rs8055259;rs11394373;rs4784323;rs7206790;rs28429148;rs8047395;rs8047587;rs200616697;rs201940822;rs199952722;rs57292959;rs9937521;rs28562191;rs11383210;rs9937053;rs9937354;rs9928094;16:53799977:G:T;rs9930397,ENSG00000087245,1,ENSG00000087245,MMP2
1,16:53760001-53800000,16:55520001-55560000,2.3285369999999997e-44,HiC,GSE87112,Mesenchymal_Stem_Cell,intra,rs146120317;rs77276051;rs58614245;rs60307234;rs117502563;rs4280233;rs113735368;rs76062288;rs76036961;rs7203521;rs6499640;rs16952479;rs8048396;rs8059991;rs6499641;rs4548860;rs4396532;rs56886863;rs77715413;rs34755534;rs182781646;rs1075440;rs11643744;rs74498370;rs13333228;rs17525605;rs8055259;rs11394373;rs4784323;rs7206790;rs28429148;rs8047395;rs8047587;rs200616697;rs201940822;rs199952722;rs57292959;rs9937521;rs28562191;rs11383210;rs9937053;rs9937354;rs9928094;16:53799977:G:T;rs9930397,ENSG00000087253,1,ENSG00000087253,LPCAT2
1,16:53760001-53800000,16:55600001-55640000,6.864879e-22,HiC,GSE87112,Mesenchymal_Stem_Cell,intra,rs146120317;rs77276051;rs58614245;rs60307234;rs117502563;rs4280233;rs113735368;rs76062288;rs76036961;rs7203521;rs6499640;rs16952479;rs8048396;rs8059991;rs6499641;rs4548860;rs4396532;rs56886863;rs77715413;rs34755534;rs182781646;rs1075440;rs11643744;rs74498370;rs13333228;rs17525605;rs8055259;rs11394373;rs4784323;rs7206790;rs28429148;rs8047395;rs8047587;rs200616697;rs201940822;rs199952722;rs57292959;rs9937521;rs28562191;rs11383210;rs9937053;rs9937354;rs9928094;16:53799977:G:T;rs9930397,ENSG00000256812,1,ENSG00000256812,CAPNS2
1,16:53760001-53800000,16:55680001-55720000,1.231784e-07,HiC,GSE87112,Mesenchymal_Stem_Cell,intra,rs146120317;rs77276051;rs58614245;rs60307234;rs117502563;rs4280233;rs113735368;rs76062288;rs76036961;rs7203521;rs6499640;rs16952479;rs8048396;rs8059991;rs6499641;rs4548860;rs4396532;rs56886863;rs77715413;rs34755534;rs182781646;rs1075440;rs11643744;rs74498370;rs13333228;rs17525605;rs8055259;rs11394373;rs4784323;rs7206790;rs28429148;rs8047395;rs8047587;rs200616697;rs201940822;rs199952722;rs57292959;rs9937521;rs28562191;rs11383210;rs9937053;rs9937354;rs9928094;16:53799977:G:T;rs9930397,ENSG00000103546,1,ENSG00000103546,SLC6A2
1,16:53760001-53800000,16:55960001-56000000,5.934125e-21,HiC,GSE87112,Mesenchymal_Stem_Cell,intra,rs146120317;rs77276051;rs58614245;rs60307234;rs117502563;rs4280233;rs113735368;rs76062288;rs76036961;rs7203521;rs6499640;rs16952479;rs8048396;rs8059991;rs6499641;rs4548860;rs4396532;rs56886863;rs77715413;rs34755534;rs182781646;rs1075440;rs11643744;rs74498370;rs13333228;rs17525605;rs8055259;rs11394373;rs4784323;rs7206790;rs28429148;rs8047395;rs8047587;rs200616697;rs201940822;rs199952722;rs57292959;rs9937521;rs28562191;rs11383210;rs9937053;rs9937354;rs9928094;16:53799977:G:T;rs9930397,ENSG00000159398,1,ENSG00000159398,CES5A
1,16:53760001-53800000,16:56200001-56240000,7.954935e-12,HiC,GSE87112,Mesenchymal_Stem_Cell,intra,rs146120317;rs77276051;rs58614245;rs60307234;rs117502563;rs4280233;rs113735368;rs76062288;rs76036961;rs7203521;rs6499640;rs16952479;rs8048396;rs8059991;rs6499641;rs4548860;rs4396532;rs56886863;rs77715413;rs34755534;rs182781646;rs1075440;rs11643744;rs74498370;rs13333228;rs17525605;rs8055259;rs11394373;rs4784323;rs7206790;rs28429148;rs8047395;rs8047587;rs200616697;rs201940822;rs199952722;rs57292959;rs9937521;rs28562191;rs11383210;rs9937053;rs9937354;rs9928094;16:53799977:G:T;rs9930397,ENSG00000087258,1,ENSG00000087258,GNAO1
1,16:53760001-53800000,16:56440001-56480000,6.76835e-10,HiC,GSE87112,Mesenchymal_Stem_Cell,intra,rs146120317;rs77276051;rs58614245;rs60307234;rs117502563;rs4280233;rs113735368;rs76062288;rs76036961;rs7203521;rs6499640;rs16952479;rs8048396;rs8059991;rs6499641;rs4548860;rs4396532;rs56886863;rs77715413;rs34755534;rs182781646;rs1075440;rs11643744;rs74498370;rs13333228;rs17525605;rs8055259;rs11394373;rs4784323;rs7206790;rs28429148;rs8047395;rs8047587;rs200616697;rs201940822;rs199952722;rs57292959;rs9937521;rs28562191;rs11383210;rs9937053;rs9937354;rs9928094;16:53799977:G:T;rs9930397,ENSG00000159461,1,ENSG00000159461,AMFR
1,16:53760001-53800000,16:56480001-56520000,3.21299e-12,HiC,GSE87112,Mesenchymal_Stem_Cell,intra,rs146120317;rs77276051;rs58614245;rs60307234;rs117502563;rs4280233;rs113735368;rs76062288;rs76036961;rs7203521;rs6499640;rs16952479;rs8048396;rs8059991;rs6499641;rs4548860;rs4396532;rs56886863;rs77715413;rs34755534;rs182781646;rs1075440;rs11643744;rs74498370;rs13333228;rs17525605;rs8055259;rs11394373;rs4784323;rs7206790;rs28429148;rs8047395;rs8047587;rs200616697;rs201940822;rs199952722;rs57292959;rs9937521;rs28562191;rs11383210;rs9937053;rs9937354;rs9928094;16:53799977:G:T;rs9930397,ENSG00000087263:ENSG00000167005,1,,
1,16:53760001-53800000,16:56560001-56600000,2.050702e-08,HiC,GSE87112,Mesenchymal_Stem_Cell,intra,rs146120317;rs77276051;rs58614245;rs60307234;rs117502563;rs4280233;rs113735368;rs76062288;rs76036961;rs7203521;rs6499640;rs16952479;rs8048396;rs8059991;rs6499641;rs4548860;rs4396532;rs56886863;rs77715413;rs34755534;rs182781646;rs1075440;rs11643744;rs74498370;rs13333228;rs17525605;rs8055259;rs11394373;rs4784323;rs7206790;rs28429148;rs8047395;rs8047587;rs200616697;rs201940822;rs199952722;rs57292959;rs9937521;rs28562191;rs11383210;rs9937053;rs9937354;rs9928094;16:53799977:G:T;rs9930397,ENSG00000102891,1,ENSG00000102891,MT4
1,16:53760001-53800000,16:56640001-56680000,2.685576e-09,HiC,GSE87112,Mesenchymal_Stem_Cell,intra,rs146120317;rs77276051;rs58614245;rs60307234;rs117502563;rs4280233;rs113735368;rs76062288;rs76036961;rs7203521;rs6499640;rs16952479;rs8048396;rs8059991;rs6499641;rs4548860;rs4396532;rs56886863;rs77715413;rs34755534;rs182781646;rs1075440;rs11643744;rs74498370;rs13333228;rs17525605;rs8055259;rs11394373;rs4784323;rs7206790;rs28429148;rs8047395;rs8047587;rs200616697;rs201940822;rs199952722;rs57292959;rs9937521;rs28562191;rs11383210;rs9937053;rs9937354;rs9928094;16:53799977:G:T;rs9930397,ENSG00000125148:ENSG00000169715:ENSG00000268317:ENSG00000205364:ENSG00000205362,1,,
1,16:53800001-53840000,16:54280001-54320000,3.537195e-47,HiC,GSE87112,Mesenchymal_Stem_Cell,intra,rs9940278;rs9939973;rs117430099;rs117696251;rs9940646;rs9940128;rs1421085;rs111240785;rs1421086;rs9923147;rs9923544;rs11642015;rs16952520;rs8055197;rs1558901;rs62048402;rs1558902;rs1861866;rs10852521;rs11075985;rs113940176;rs9922047;rs56094641;rs10718688;rs16952522;rs17817288;rs55872725;rs1121980;rs73612011;rs7187250;rs7193144;rs62033399;rs62033400;rs8063057;rs8057044;rs71863246;rs17817449;rs8043757;rs8063946;rs9972653;rs62033401;rs11075987;rs17817497;rs8050136;rs8051591;rs9935401;rs9933509;rs3751812;rs3751813;rs3751814;rs9931900;rs56313538;rs9936385;rs9923233;rs9923312;rs11075988;rs11075989;rs11075990;rs11075991;rs11075992;rs9926289;rs9939609;rs9937709;16:53820996:C:G;rs17817712;rs112232322;rs7206410;rs7206629;rs7202116;rs7202296;rs7201850;rs66908032;rs113935429;rs113819629;rs199904341;rs72803697;rs62033403;rs62033404;rs62033405;rs7206122;rs7190396;rs530568312;rs7185735;rs2042029;rs2042030;rs76716785;rs79994966;rs28449464;rs200847717;rs28432761;rs11647020;rs11646715;rs141816793;rs62033406;rs9941349;rs56137030;rs28567725;rs75222427;rs9931494;rs10468280;rs76442450;rs62033408;rs73612051;rs17817964;rs73607075;rs201399553;rs62033413;rs9930501;rs9930506;rs9932754;rs9933040;rs62033414;rs9922708;rs72805611;rs9922619;rs78080501;rs4783821;rs7188250;rs72805612;rs12596054;rs149519344;rs114078316;rs79131477;rs59995142;rs11075993;rs72805613;rs73607083;rs62033416;rs8044769,ENSG00000259517,1,ENSG00000259517,RP11-324D17.1
1,16:53800001-53840000,16:54320001-54360000,1.0611750000000001e-39,HiC,GSE87112,Mesenchymal_Stem_Cell,intra,rs9940278;rs9939973;rs117430099;rs117696251;rs9940646;rs9940128;rs1421085;rs111240785;rs1421086;rs9923147;rs9923544;rs11642015;rs16952520;rs8055197;rs1558901;rs62048402;rs1558902;rs1861866;rs10852521;rs11075985;rs113940176;rs9922047;rs56094641;rs10718688;rs16952522;rs17817288;rs55872725;rs1121980;rs73612011;rs7187250;rs7193144;rs62033399;rs62033400;rs8063057;rs8057044;rs71863246;rs17817449;rs8043757;rs8063946;rs9972653;rs62033401;rs11075987;rs17817497;rs8050136;rs8051591;rs9935401;rs9933509;rs3751812;rs3751813;rs3751814;rs9931900;rs56313538;rs9936385;rs9923233;rs9923312;rs11075988;rs11075989;rs11075990;rs11075991;rs11075992;rs9926289;rs9939609;rs9937709;16:53820996:C:G;rs17817712;rs112232322;rs7206410;rs7206629;rs7202116;rs7202296;rs7201850;rs66908032;rs113935429;rs113819629;rs199904341;rs72803697;rs62033403;rs62033404;rs62033405;rs7206122;rs7190396;rs530568312;rs7185735;rs2042029;rs2042030;rs76716785;rs79994966;rs28449464;rs200847717;rs28432761;rs11647020;rs11646715;rs141816793;rs62033406;rs9941349;rs56137030;rs28567725;rs75222427;rs9931494;rs10468280;rs76442450;rs62033408;rs73612051;rs17817964;rs73607075;rs201399553;rs62033413;rs9930501;rs9930506;rs9932754;rs9933040;rs62033414;rs9922708;rs72805611;rs9922619;rs78080501;rs4783821;rs7188250;rs72805612;rs12596054;rs149519344;rs114078316;rs79131477;rs59995142;rs11075993;rs72805613;rs73607083;rs62033416;rs8044769,ENSG00000177508,1,ENSG00000177508,IRX3
1,16:53800001-53840000,16:54960001-55000000,1.566788e-92,HiC,GSE87112,Mesenchymal_Stem_Cell,intra,rs9940278;rs9939973;rs117430099;rs117696251;rs9940646;rs9940128;rs1421085;rs111240785;rs1421086;rs9923147;rs9923544;rs11642015;rs16952520;rs8055197;rs1558901;rs62048402;rs1558902;rs1861866;rs10852521;rs11075985;rs113940176;rs9922047;rs56094641;rs10718688;rs16952522;rs17817288;rs55872725;rs1121980;rs73612011;rs7187250;rs7193144;rs62033399;rs62033400;rs8063057;rs8057044;rs71863246;rs17817449;rs8043757;rs8063946;rs9972653;rs62033401;rs11075987;rs17817497;rs8050136;rs8051591;rs9935401;rs9933509;rs3751812;rs3751813;rs3751814;rs9931900;rs56313538;rs9936385;rs9923233;rs9923312;rs11075988;rs11075989;rs11075990;rs11075991;rs11075992;rs9926289;rs9939609;rs9937709;16:53820996:C:G;rs17817712;rs112232322;rs7206410;rs7206629;rs7202116;rs7202296;rs7201850;rs66908032;rs113935429;rs113819629;rs199904341;rs72803697;rs62033403;rs62033404;rs62033405;rs7206122;rs7190396;rs530568312;rs7185735;rs2042029;rs2042030;rs76716785;rs79994966;rs28449464;rs200847717;rs28432761;rs11647020;rs11646715;rs141816793;rs62033406;rs9941349;rs56137030;rs28567725;rs75222427;rs9931494;rs10468280;rs76442450;rs62033408;rs73612051;rs17817964;rs73607075;rs201399553;rs62033413;rs9930501;rs9930506;rs9932754;rs9933040;rs62033414;rs9922708;rs72805611;rs9922619;rs78080501;rs4783821;rs7188250;rs72805612;rs12596054;rs149519344;rs114078316;rs79131477;rs59995142;rs11075993;rs72805613;rs73607083;rs62033416;rs8044769,ENSG00000176842,1,ENSG00000176842,IRX5
1,16:53800001-53840000,16:55320001-55360000,6.012388e-39,HiC,GSE87112,Mesenchymal_Stem_Cell,intra,rs9940278;rs9939973;rs117430099;rs117696251;rs9940646;rs9940128;rs1421085;rs111240785;rs1421086;rs9923147;rs9923544;rs11642015;rs16952520;rs8055197;rs1558901;rs62048402;rs1558902;rs1861866;rs10852521;rs11075985;rs113940176;rs9922047;rs56094641;rs10718688;rs16952522;rs17817288;rs55872725;rs1121980;rs73612011;rs7187250;rs7193144;rs62033399;rs62033400;rs8063057;rs8057044;rs71863246;rs17817449;rs8043757;rs8063946;rs9972653;rs62033401;rs11075987;rs17817497;rs8050136;rs8051591;rs9935401;rs9933509;rs3751812;rs3751813;rs3751814;rs9931900;rs56313538;rs9936385;rs9923233;rs9923312;rs11075988;rs11075989;rs11075990;rs11075991;rs11075992;rs9926289;rs9939609;rs9937709;16:53820996:C:G;rs17817712;rs112232322;rs7206410;rs7206629;rs7202116;rs7202296;rs7201850;rs66908032;rs113935429;rs113819629;rs199904341;rs72803697;rs62033403;rs62033404;rs62033405;rs7206122;rs7190396;rs530568312;rs7185735;rs2042029;rs2042030;rs76716785;rs79994966;rs28449464;rs200847717;rs28432761;rs11647020;rs11646715;rs141816793;rs62033406;rs9941349;rs56137030;rs28567725;rs75222427;rs9931494;rs10468280;rs76442450;rs62033408;rs73612051;rs17817964;rs73607075;rs201399553;rs62033413;rs9930501;rs9930506;rs9932754;rs9933040;rs62033414;rs9922708;rs72805611;rs9922619;rs78080501;rs4783821;rs7188250;rs72805612;rs12596054;rs149519344;rs114078316;rs79131477;rs59995142;rs11075993;rs72805613;rs73607083;rs62033416;rs8044769,ENSG00000159387,1,ENSG00000159387,IRX6
1,16:53800001-53840000,16:55400001-55440000,3.525761e-20,HiC,GSE87112,Mesenchymal_Stem_Cell,intra,rs9940278;rs9939973;rs117430099;rs117696251;rs9940646;rs9940128;rs1421085;rs111240785;rs1421086;rs9923147;rs9923544;rs11642015;rs16952520;rs8055197;rs1558901;rs62048402;rs1558902;rs1861866;rs10852521;rs11075985;rs113940176;rs9922047;rs56094641;rs10718688;rs16952522;rs17817288;rs55872725;rs1121980;rs73612011;rs7187250;rs7193144;rs62033399;rs62033400;rs8063057;rs8057044;rs71863246;rs17817449;rs8043757;rs8063946;rs9972653;rs62033401;rs11075987;rs17817497;rs8050136;rs8051591;rs9935401;rs9933509;rs3751812;rs3751813;rs3751814;rs9931900;rs56313538;rs9936385;rs9923233;rs9923312;rs11075988;rs11075989;rs11075990;rs11075991;rs11075992;rs9926289;rs9939609;rs9937709;16:53820996:C:G;rs17817712;rs112232322;rs7206410;rs7206629;rs7202116;rs7202296;rs7201850;rs66908032;rs113935429;rs113819629;rs199904341;rs72803697;rs62033403;rs62033404;rs62033405;rs7206122;rs7190396;rs530568312;rs7185735;rs2042029;rs2042030;rs76716785;rs79994966;rs28449464;rs200847717;rs28432761;rs11647020;rs11646715;rs141816793;rs62033406;rs9941349;rs56137030;rs28567725;rs75222427;rs9931494;rs10468280;rs76442450;rs62033408;rs73612051;rs17817964;rs73607075;rs201399553;rs62033413;rs9930501;rs9930506;rs9932754;rs9933040;rs62033414;rs9922708;rs72805611;rs9922619;rs78080501;rs4783821;rs7188250;rs72805612;rs12596054;rs149519344;rs114078316;rs79131477;rs59995142;rs11075993;rs72805613;rs73607083;rs62033416;rs8044769,ENSG00000087245,1,ENSG00000087245,MMP2
1,16:53800001-53840000,16:55520001-55560000,1.32541e-31,HiC,GSE87112,Mesenchymal_Stem_Cell,intra,rs9940278;rs9939973;rs117430099;rs117696251;rs9940646;rs9940128;rs1421085;rs111240785;rs1421086;rs9923147;rs9923544;rs11642015;rs16952520;rs8055197;rs1558901;rs62048402;rs1558902;rs1861866;rs10852521;rs11075985;rs113940176;rs9922047;rs56094641;rs10718688;rs16952522;rs17817288;rs55872725;rs1121980;rs73612011;rs7187250;rs7193144;rs62033399;rs62033400;rs8063057;rs8057044;rs71863246;rs17817449;rs8043757;rs8063946;rs9972653;rs62033401;rs11075987;rs17817497;rs8050136;rs8051591;rs9935401;rs9933509;rs3751812;rs3751813;rs3751814;rs9931900;rs56313538;rs9936385;rs9923233;rs9923312;rs11075988;rs11075989;rs11075990;rs11075991;rs11075992;rs9926289;rs9939609;rs9937709;16:53820996:C:G;rs17817712;rs112232322;rs7206410;rs7206629;rs7202116;rs7202296;rs7201850;rs66908032;rs113935429;rs113819629;rs199904341;rs72803697;rs62033403;rs62033404;rs62033405;rs7206122;rs7190396;rs530568312;rs7185735;rs2042029;rs2042030;rs76716785;rs79994966;rs28449464;rs200847717;rs28432761;rs11647020;rs11646715;rs141816793;rs62033406;rs9941349;rs56137030;rs28567725;rs75222427;rs9931494;rs10468280;rs76442450;rs62033408;rs73612051;rs17817964;rs73607075;rs201399553;rs62033413;rs9930501;rs9930506;rs9932754;rs9933040;rs62033414;rs9922708;rs72805611;rs9922619;rs78080501;rs4783821;rs7188250;rs72805612;rs12596054;rs149519344;rs114078316;rs79131477;rs59995142;rs11075993;rs72805613;rs73607083;rs62033416;rs8044769,ENSG00000087253,1,ENSG00000087253,LPCAT2
1,16:53800001-53840000,16:55600001-55640000,4.996306e-14,HiC,GSE87112,Mesenchymal_Stem_Cell,intra,rs9940278;rs9939973;rs117430099;rs117696251;rs9940646;rs9940128;rs1421085;rs111240785;rs1421086;rs9923147;rs9923544;rs11642015;rs16952520;rs8055197;rs1558901;rs62048402;rs1558902;rs1861866;rs10852521;rs11075985;rs113940176;rs9922047;rs56094641;rs10718688;rs16952522;rs17817288;rs55872725;rs1121980;rs73612011;rs7187250;rs7193144;rs62033399;rs62033400;rs8063057;rs8057044;rs71863246;rs17817449;rs8043757;rs8063946;rs9972653;rs62033401;rs11075987;rs17817497;rs8050136;rs8051591;rs9935401;rs9933509;rs3751812;rs3751813;rs3751814;rs9931900;rs56313538;rs9936385;rs9923233;rs9923312;rs11075988;rs11075989;rs11075990;rs11075991;rs11075992;rs9926289;rs9939609;rs9937709;16:53820996:C:G;rs17817712;rs112232322;rs7206410;rs7206629;rs7202116;rs7202296;rs7201850;rs66908032;rs113935429;rs113819629;rs199904341;rs72803697;rs62033403;rs62033404;rs62033405;rs7206122;rs7190396;rs530568312;rs7185735;rs2042029;rs2042030;rs76716785;rs79994966;rs28449464;rs200847717;rs28432761;rs11647020;rs11646715;rs141816793;rs62033406;rs9941349;rs56137030;rs28567725;rs75222427;rs9931494;rs10468280;rs76442450;rs62033408;rs73612051;rs17817964;rs73607075;rs201399553;rs62033413;rs9930501;rs9930506;rs9932754;rs9933040;rs62033414;rs9922708;rs72805611;rs9922619;rs78080501;rs4783821;rs7188250;rs72805612;rs12596054;rs149519344;rs114078316;rs79131477;rs59995142;rs11075993;rs72805613;rs73607083;rs62033416;rs8044769,ENSG00000256812,1,ENSG00000256812,CAPNS2
1,16:53800001-53840000,16:55840001-55880000,4.81278e-08,HiC,GSE87112,Mesenchymal_Stem_Cell,intra,rs9940278;rs9939973;rs117430099;rs117696251;rs9940646;rs9940128;rs1421085;rs111240785;rs1421086;rs9923147;rs9923544;rs11642015;rs16952520;rs8055197;rs1558901;rs62048402;rs1558902;rs1861866;rs10852521;rs11075985;rs113940176;rs9922047;rs56094641;rs10718688;rs16952522;rs17817288;rs55872725;rs1121980;rs73612011;rs7187250;rs7193144;rs62033399;rs62033400;rs8063057;rs8057044;rs71863246;rs17817449;rs8043757;rs8063946;rs9972653;rs62033401;rs11075987;rs17817497;rs8050136;rs8051591;rs9935401;rs9933509;rs3751812;rs3751813;rs3751814;rs9931900;rs56313538;rs9936385;rs9923233;rs9923312;rs11075988;rs11075989;rs11075990;rs11075991;rs11075992;rs9926289;rs9939609;rs9937709;16:53820996:C:G;rs17817712;rs112232322;rs7206410;rs7206629;rs7202116;rs7202296;rs7201850;rs66908032;rs113935429;rs113819629;rs199904341;rs72803697;rs62033403;rs62033404;rs62033405;rs7206122;rs7190396;rs530568312;rs7185735;rs2042029;rs2042030;rs76716785;rs79994966;rs28449464;rs200847717;rs28432761;rs11647020;rs11646715;rs141816793;rs62033406;rs9941349;rs56137030;rs28567725;rs75222427;rs9931494;rs10468280;rs76442450;rs62033408;rs73612051;rs17817964;rs73607075;rs201399553;rs62033413;rs9930501;rs9930506;rs9932754;rs9933040;rs62033414;rs9922708;rs72805611;rs9922619;rs78080501;rs4783821;rs7188250;rs72805612;rs12596054;rs149519344;rs114078316;rs79131477;rs59995142;rs11075993;rs72805613;rs73607083;rs62033416;rs8044769,ENSG00000198848,1,ENSG00000198848,CES1
1,16:53800001-53840000,16:55960001-56000000,2.492813e-12,HiC,GSE87112,Mesenchymal_Stem_Cell,intra,rs9940278;rs9939973;rs117430099;rs117696251;rs9940646;rs9940128;rs1421085;rs111240785;rs1421086;rs9923147;rs9923544;rs11642015;rs16952520;rs8055197;rs1558901;rs62048402;rs1558902;rs1861866;rs10852521;rs11075985;rs113940176;rs9922047;rs56094641;rs10718688;rs16952522;rs17817288;rs55872725;rs1121980;rs73612011;rs7187250;rs7193144;rs62033399;rs62033400;rs8063057;rs8057044;rs71863246;rs17817449;rs8043757;rs8063946;rs9972653;rs62033401;rs11075987;rs17817497;rs8050136;rs8051591;rs9935401;rs9933509;rs3751812;rs3751813;rs3751814;rs9931900;rs56313538;rs9936385;rs9923233;rs9923312;rs11075988;rs11075989;rs11075990;rs11075991;rs11075992;rs9926289;rs9939609;rs9937709;16:53820996:C:G;rs17817712;rs112232322;rs7206410;rs7206629;rs7202116;rs7202296;rs7201850;rs66908032;rs113935429;rs113819629;rs199904341;rs72803697;rs62033403;rs62033404;rs62033405;rs7206122;rs7190396;rs530568312;rs7185735;rs2042029;rs2042030;rs76716785;rs79994966;rs28449464;rs200847717;rs28432761;rs11647020;rs11646715;rs141816793;rs62033406;rs9941349;rs56137030;rs28567725;rs75222427;rs9931494;rs10468280;rs76442450;rs62033408;rs73612051;rs17817964;rs73607075;rs201399553;rs62033413;rs9930501;rs9930506;rs9932754;rs9933040;rs62033414;rs9922708;rs72805611;rs9922619;rs78080501;rs4783821;rs7188250;rs72805612;rs12596054;rs149519344;rs114078316;rs79131477;rs59995142;rs11075993;rs72805613;rs73607083;rs62033416;rs8044769,ENSG00000159398,1,ENSG00000159398,CES5A
1,16:53800001-53840000,16:56480001-56520000,2.680496e-11,HiC,GSE87112,Mesenchymal_Stem_Cell,intra,rs9940278;rs9939973;rs117430099;rs117696251;rs9940646;rs9940128;rs1421085;rs111240785;rs1421086;rs9923147;rs9923544;rs11642015;rs16952520;rs8055197;rs1558901;rs62048402;rs1558902;rs1861866;rs10852521;rs11075985;rs113940176;rs9922047;rs56094641;rs10718688;rs16952522;rs17817288;rs55872725;rs1121980;rs73612011;rs7187250;rs7193144;rs62033399;rs62033400;rs8063057;rs8057044;rs71863246;rs17817449;rs8043757;rs8063946;rs9972653;rs62033401;rs11075987;rs17817497;rs8050136;rs8051591;rs9935401;rs9933509;rs3751812;rs3751813;rs3751814;rs9931900;rs56313538;rs9936385;rs9923233;rs9923312;rs11075988;rs11075989;rs11075990;rs11075991;rs11075992;rs9926289;rs9939609;rs9937709;16:53820996:C:G;rs17817712;rs112232322;rs7206410;rs7206629;rs7202116;rs7202296;rs7201850;rs66908032;rs113935429;rs113819629;rs199904341;rs72803697;rs62033403;rs62033404;rs62033405;rs7206122;rs7190396;rs530568312;rs7185735;rs2042029;rs2042030;rs76716785;rs79994966;rs28449464;rs200847717;rs28432761;rs11647020;rs11646715;rs141816793;rs62033406;rs9941349;rs56137030;rs28567725;rs75222427;rs9931494;rs10468280;rs76442450;rs62033408;rs73612051;rs17817964;rs73607075;rs201399553;rs62033413;rs9930501;rs9930506;rs9932754;rs9933040;rs62033414;rs9922708;rs72805611;rs9922619;rs78080501;rs4783821;rs7188250;rs72805612;rs12596054;rs149519344;rs114078316;rs79131477;rs59995142;rs11075993;rs72805613;rs73607083;rs62033416;rs8044769,ENSG00000087263:ENSG00000167005,1,,
1,16:53840001-53880000,16:54280001-54320000,7.662966e-31,HiC,GSE87112,Mesenchymal_Stem_Cell,intra,rs12149574;rs58239912;rs111357538;rs12149832;rs17218700;rs11649091;rs11642841;rs8050124;rs8050133;rs9925400;rs9935366;rs9925952;rs12447691;rs9937429;rs9928425;rs8054859;rs8054908;rs11075995;rs2042032;rs7190842;rs3848299;rs3826169;rs12933168;rs8060823;rs8058930;rs8061518;rs11448349;rs6499648;rs9923295;rs9936016;rs9924896;rs9936112;rs4784325;rs4784326;rs34520034;rs10521307;rs9302652;rs9934528;rs9934773;rs6499653,ENSG00000259517,1,ENSG00000259517,RP11-324D17.1
1,16:53840001-53880000,16:54320001-54360000,1.223187e-25,HiC,GSE87112,Mesenchymal_Stem_Cell,intra,rs12149574;rs58239912;rs111357538;rs12149832;rs17218700;rs11649091;rs11642841;rs8050124;rs8050133;rs9925400;rs9935366;rs9925952;rs12447691;rs9937429;rs9928425;rs8054859;rs8054908;rs11075995;rs2042032;rs7190842;rs3848299;rs3826169;rs12933168;rs8060823;rs8058930;rs8061518;rs11448349;rs6499648;rs9923295;rs9936016;rs9924896;rs9936112;rs4784325;rs4784326;rs34520034;rs10521307;rs9302652;rs9934528;rs9934773;rs6499653,ENSG00000177508,1,ENSG00000177508,IRX3
1,16:53840001-53880000,16:54960001-55000000,1.722721e-65,HiC,GSE87112,Mesenchymal_Stem_Cell,intra,rs12149574;rs58239912;rs111357538;rs12149832;rs17218700;rs11649091;rs11642841;rs8050124;rs8050133;rs9925400;rs9935366;rs9925952;rs12447691;rs9937429;rs9928425;rs8054859;rs8054908;rs11075995;rs2042032;rs7190842;rs3848299;rs3826169;rs12933168;rs8060823;rs8058930;rs8061518;rs11448349;rs6499648;rs9923295;rs9936016;rs9924896;rs9936112;rs4784325;rs4784326;rs34520034;rs10521307;rs9302652;rs9934528;rs9934773;rs6499653,ENSG00000176842,1,ENSG00000176842,IRX5
1,16:53840001-53880000,16:55320001-55360000,1.7425019999999998e-44,HiC,GSE87112,Mesenchymal_Stem_Cell,intra,rs12149574;rs58239912;rs111357538;rs12149832;rs17218700;rs11649091;rs11642841;rs8050124;rs8050133;rs9925400;rs9935366;rs9925952;rs12447691;rs9937429;rs9928425;rs8054859;rs8054908;rs11075995;rs2042032;rs7190842;rs3848299;rs3826169;rs12933168;rs8060823;rs8058930;rs8061518;rs11448349;rs6499648;rs9923295;rs9936016;rs9924896;rs9936112;rs4784325;rs4784326;rs34520034;rs10521307;rs9302652;rs9934528;rs9934773;rs6499653,ENSG00000159387,1,ENSG00000159387,IRX6
1,16:53840001-53880000,16:55400001-55440000,5.935466999999999e-19,HiC,GSE87112,Mesenchymal_Stem_Cell,intra,rs12149574;rs58239912;rs111357538;rs12149832;rs17218700;rs11649091;rs11642841;rs8050124;rs8050133;rs9925400;rs9935366;rs9925952;rs12447691;rs9937429;rs9928425;rs8054859;rs8054908;rs11075995;rs2042032;rs7190842;rs3848299;rs3826169;rs12933168;rs8060823;rs8058930;rs8061518;rs11448349;rs6499648;rs9923295;rs9936016;rs9924896;rs9936112;rs4784325;rs4784326;rs34520034;rs10521307;rs9302652;rs9934528;rs9934773;rs6499653,ENSG00000087245,1,ENSG00000087245,MMP2
1,16:53840001-53880000,16:55520001-55560000,4.789427e-31,HiC,GSE87112,Mesenchymal_Stem_Cell,intra,rs12149574;rs58239912;rs111357538;rs12149832;rs17218700;rs11649091;rs11642841;rs8050124;rs8050133;rs9925400;rs9935366;rs9925952;rs12447691;rs9937429;rs9928425;rs8054859;rs8054908;rs11075995;rs2042032;rs7190842;rs3848299;rs3826169;rs12933168;rs8060823;rs8058930;rs8061518;rs11448349;rs6499648;rs9923295;rs9936016;rs9924896;rs9936112;rs4784325;rs4784326;rs34520034;rs10521307;rs9302652;rs9934528;rs9934773;rs6499653,ENSG00000087253,1,ENSG00000087253,LPCAT2
1,16:53840001-53880000,16:55600001-55640000,2.144173e-12,HiC,GSE87112,Mesenchymal_Stem_Cell,intra,rs12149574;rs58239912;rs111357538;rs12149832;rs17218700;rs11649091;rs11642841;rs8050124;rs8050133;rs9925400;rs9935366;rs9925952;rs12447691;rs9937429;rs9928425;rs8054859;rs8054908;rs11075995;rs2042032;rs7190842;rs3848299;rs3826169;rs12933168;rs8060823;rs8058930;rs8061518;rs11448349;rs6499648;rs9923295;rs9936016;rs9924896;rs9936112;rs4784325;rs4784326;rs34520034;rs10521307;rs9302652;rs9934528;rs9934773;rs6499653,ENSG00000256812,1,ENSG00000256812,CAPNS2
1,16:53840001-53880000,16:55680001-55720000,2.75901e-10,HiC,GSE87112,Mesenchymal_Stem_Cell,intra,rs12149574;rs58239912;rs111357538;rs12149832;rs17218700;rs11649091;rs11642841;rs8050124;rs8050133;rs9925400;rs9935366;rs9925952;rs12447691;rs9937429;rs9928425;rs8054859;rs8054908;rs11075995;rs2042032;rs7190842;rs3848299;rs3826169;rs12933168;rs8060823;rs8058930;rs8061518;rs11448349;rs6499648;rs9923295;rs9936016;rs9924896;rs9936112;rs4784325;rs4784326;rs34520034;rs10521307;rs9302652;rs9934528;rs9934773;rs6499653,ENSG00000103546,1,ENSG00000103546,SLC6A2
1,16:53840001-53880000,16:55960001-56000000,6.965449e-13,HiC,GSE87112,Mesenchymal_Stem_Cell,intra,rs12149574;rs58239912;rs111357538;rs12149832;rs17218700;rs11649091;rs11642841;rs8050124;rs8050133;rs9925400;rs9935366;rs9925952;rs12447691;rs9937429;rs9928425;rs8054859;rs8054908;rs11075995;rs2042032;rs7190842;rs3848299;rs3826169;rs12933168;rs8060823;rs8058930;rs8061518;rs11448349;rs6499648;rs9923295;rs9936016;rs9924896;rs9936112;rs4784325;rs4784326;rs34520034;rs10521307;rs9302652;rs9934528;rs9934773;rs6499653,ENSG00000159398,1,ENSG00000159398,CES5A
1,16:53840001-53880000,16:56440001-56480000,4.702915e-07,HiC,GSE87112,Mesenchymal_Stem_Cell,intra,rs12149574;rs58239912;rs111357538;rs12149832;rs17218700;rs11649091;rs11642841;rs8050124;rs8050133;rs9925400;rs9935366;rs9925952;rs12447691;rs9937429;rs9928425;rs8054859;rs8054908;rs11075995;rs2042032;rs7190842;rs3848299;rs3826169;rs12933168;rs8060823;rs8058930;rs8061518;rs11448349;rs6499648;rs9923295;rs9936016;rs9924896;rs9936112;rs4784325;rs4784326;rs34520034;rs10521307;rs9302652;rs9934528;rs9934773;rs6499653,ENSG00000159461,1,ENSG00000159461,AMFR
1,16:53840001-53880000,16:56480001-56520000,1.3304889999999999e-20,HiC,GSE87112,Mesenchymal_Stem_Cell,intra,rs12149574;rs58239912;rs111357538;rs12149832;rs17218700;rs11649091;rs11642841;rs8050124;rs8050133;rs9925400;rs9935366;rs9925952;rs12447691;rs9937429;rs9928425;rs8054859;rs8054908;rs11075995;rs2042032;rs7190842;rs3848299;rs3826169;rs12933168;rs8060823;rs8058930;rs8061518;rs11448349;rs6499648;rs9923295;rs9936016;rs9924896;rs9936112;rs4784325;rs4784326;rs34520034;rs10521307;rs9302652;rs9934528;rs9934773;rs6499653,ENSG00000087263:ENSG00000167005,1,,
1,16:53840001-53880000,16:56640001-56680000,3.399123e-11,HiC,GSE87112,Mesenchymal_Stem_Cell,intra,rs12149574;rs58239912;rs111357538;rs12149832;rs17218700;rs11649091;rs11642841;rs8050124;rs8050133;rs9925400;rs9935366;rs9925952;rs12447691;rs9937429;rs9928425;rs8054859;rs8054908;rs11075995;rs2042032;rs7190842;rs3848299;rs3826169;rs12933168;rs8060823;rs8058930;rs8061518;rs11448349;rs6499648;rs9923295;rs9936016;rs9924896;rs9936112;rs4784325;rs4784326;rs34520034;rs10521307;rs9302652;rs9934528;rs9934773;rs6499653,ENSG00000125148:ENSG00000169715:ENSG00000268317:ENSG00000205364:ENSG00000205362,1,,
1,16:53760001-53800000,16:53520001-53560000,6.168779e-08,HiC,GSE87112,Mesenchymal_Stem_Cell,intra,rs146120317;rs77276051;rs58614245;rs60307234;rs117502563;rs4280233;rs113735368;rs76062288;rs76036961;rs7203521;rs6499640;rs16952479;rs8048396;rs8059991;rs6499641;rs4548860;rs4396532;rs56886863;rs77715413;rs34755534;rs182781646;rs1075440;rs11643744;rs74498370;rs13333228;rs17525605;rs8055259;rs11394373;rs4784323;rs7206790;rs28429148;rs8047395;rs8047587;rs200616697;rs201940822;rs199952722;rs57292959;rs9937521;rs28562191;rs11383210;rs9937053;rs9937354;rs9928094;16:53799977:G:T;rs9930397,ENSG00000166971,1,ENSG00000166971,AKTIP
1,16:53760001-53800000,16:53720001-53760000,8.051550999999999e-122,HiC,GSE87112,Mesenchymal_Stem_Cell,intra,rs146120317;rs77276051;rs58614245;rs60307234;rs117502563;rs4280233;rs113735368;rs76062288;rs76036961;rs7203521;rs6499640;rs16952479;rs8048396;rs8059991;rs6499641;rs4548860;rs4396532;rs56886863;rs77715413;rs34755534;rs182781646;rs1075440;rs11643744;rs74498370;rs13333228;rs17525605;rs8055259;rs11394373;rs4784323;rs7206790;rs28429148;rs8047395;rs8047587;rs200616697;rs201940822;rs199952722;rs57292959;rs9937521;rs28562191;rs11383210;rs9937053;rs9937354;rs9928094;16:53799977:G:T;rs9930397,ENSG00000103494:ENSG00000140718,1,,
1,16:53800001-53840000,16:53720001-53760000,2.579738e-08,HiC,GSE87112,Mesenchymal_Stem_Cell,intra,rs9940278;rs9939973;rs117430099;rs117696251;rs9940646;rs9940128;rs1421085;rs111240785;rs1421086;rs9923147;rs9923544;rs11642015;rs16952520;rs8055197;rs1558901;rs62048402;rs1558902;rs1861866;rs10852521;rs11075985;rs113940176;rs9922047;rs56094641;rs10718688;rs16952522;rs17817288;rs55872725;rs1121980;rs73612011;rs7187250;rs7193144;rs62033399;rs62033400;rs8063057;rs8057044;rs71863246;rs17817449;rs8043757;rs8063946;rs9972653;rs62033401;rs11075987;rs17817497;rs8050136;rs8051591;rs9935401;rs9933509;rs3751812;rs3751813;rs3751814;rs9931900;rs56313538;rs9936385;rs9923233;rs9923312;rs11075988;rs11075989;rs11075990;rs11075991;rs11075992;rs9926289;rs9939609;rs9937709;16:53820996:C:G;rs17817712;rs112232322;rs7206410;rs7206629;rs7202116;rs7202296;rs7201850;rs66908032;rs113935429;rs113819629;rs199904341;rs72803697;rs62033403;rs62033404;rs62033405;rs7206122;rs7190396;rs530568312;rs7185735;rs2042029;rs2042030;rs76716785;rs79994966;rs28449464;rs200847717;rs28432761;rs11647020;rs11646715;rs141816793;rs62033406;rs9941349;rs56137030;rs28567725;rs75222427;rs9931494;rs10468280;rs76442450;rs62033408;rs73612051;rs17817964;rs73607075;rs201399553;rs62033413;rs9930501;rs9930506;rs9932754;rs9933040;rs62033414;rs9922708;rs72805611;rs9922619;rs78080501;rs4783821;rs7188250;rs72805612;rs12596054;rs149519344;rs114078316;rs79131477;rs59995142;rs11075993;rs72805613;rs73607083;rs62033416;rs8044769,ENSG00000103494:ENSG00000140718,1,,
1,16:53840001-53880000,16:53720001-53760000,3.2682560000000004e-39,HiC,GSE87112,Mesenchymal_Stem_Cell,intra,rs12149574;rs58239912;rs111357538;rs12149832;rs17218700;rs11649091;rs11642841;rs8050124;rs8050133;rs9925400;rs9935366;rs9925952;rs12447691;rs9937429;rs9928425;rs8054859;rs8054908;rs11075995;rs2042032;rs7190842;rs3848299;rs3826169;rs12933168;rs8060823;rs8058930;rs8061518;rs11448349;rs6499648;rs9923295;rs9936016;rs9924896;rs9936112;rs4784325;rs4784326;rs34520034;rs10521307;rs9302652;rs9934528;rs9934773;rs6499653,ENSG00000103494:ENSG00000140718,1,,
1,16:53640001-53680000,16:53720001-53760000,2.329926e-24,HiC,GSE87112,Mesendoderm,intra,rs117094130,ENSG00000103494:ENSG00000140718,1,,
1,16:53640001-53680000,16:54280001-54320000,1.028971e-28,HiC,GSE87112,Mesendoderm,intra,rs117094130,ENSG00000259517,1,ENSG00000259517,RP11-324D17.1
1,16:53640001-53680000,16:54320001-54360000,5.343012e-16,HiC,GSE87112,Mesendoderm,intra,rs117094130,ENSG00000177508,1,ENSG00000177508,IRX3
1,16:53640001-53680000,16:54960001-55000000,7.936741999999999e-41,HiC,GSE87112,Mesendoderm,intra,rs117094130,ENSG00000176842,1,ENSG00000176842,IRX5
1,16:53640001-53680000,16:55320001-55360000,1.350944e-28,HiC,GSE87112,Mesendoderm,intra,rs117094130,ENSG00000159387,1,ENSG00000159387,IRX6
1,16:53640001-53680000,16:55400001-55440000,1.188171e-18,HiC,GSE87112,Mesendoderm,intra,rs117094130,ENSG00000087245,1,ENSG00000087245,MMP2
1,16:53720001-53760000,16:54280001-54320000,1.1733620000000001e-40,HiC,GSE87112,Mesendoderm,intra,rs7205986;rs7206010;rs8043738;rs8063472;rs8058460;rs76488452;rs78020297;rs4386132,ENSG00000259517,1,ENSG00000259517,RP11-324D17.1
1,16:53720001-53760000,16:54320001-54360000,1.2683979999999998e-19,HiC,GSE87112,Mesendoderm,intra,rs7205986;rs7206010;rs8043738;rs8063472;rs8058460;rs76488452;rs78020297;rs4386132,ENSG00000177508,1,ENSG00000177508,IRX3
1,16:53720001-53760000,16:54960001-55000000,2.561264e-36,HiC,GSE87112,Mesendoderm,intra,rs7205986;rs7206010;rs8043738;rs8063472;rs8058460;rs76488452;rs78020297;rs4386132,ENSG00000176842,1,ENSG00000176842,IRX5
1,16:53720001-53760000,16:55320001-55360000,1.6842090000000001e-28,HiC,GSE87112,Mesendoderm,intra,rs7205986;rs7206010;rs8043738;rs8063472;rs8058460;rs76488452;rs78020297;rs4386132,ENSG00000159387,1,ENSG00000159387,IRX6
1,16:53720001-53760000,16:55400001-55440000,1.235138e-12,HiC,GSE87112,Mesendoderm,intra,rs7205986;rs7206010;rs8043738;rs8063472;rs8058460;rs76488452;rs78020297;rs4386132,ENSG00000087245,1,ENSG00000087245,MMP2
1,16:53720001-53760000,16:55960001-56000000,8.069682e-07,HiC,GSE87112,Mesendoderm,intra,rs7205986;rs7206010;rs8043738;rs8063472;rs8058460;rs76488452;rs78020297;rs4386132,ENSG00000159398,1,ENSG00000159398,CES5A
1,16:53760001-53800000,16:54280001-54320000,7.16898e-43,HiC,GSE87112,Mesendoderm,intra,rs146120317;rs77276051;rs58614245;rs60307234;rs117502563;rs4280233;rs113735368;rs76062288;rs76036961;rs7203521;rs6499640;rs16952479;rs8048396;rs8059991;rs6499641;rs4548860;rs4396532;rs56886863;rs77715413;rs34755534;rs182781646;rs1075440;rs11643744;rs74498370;rs13333228;rs17525605;rs8055259;rs11394373;rs4784323;rs7206790;rs28429148;rs8047395;rs8047587;rs200616697;rs201940822;rs199952722;rs57292959;rs9937521;rs28562191;rs11383210;rs9937053;rs9937354;rs9928094;16:53799977:G:T;rs9930397,ENSG00000259517,1,ENSG00000259517,RP11-324D17.1
1,16:53760001-53800000,16:54320001-54360000,5.273992999999999e-38,HiC,GSE87112,Mesendoderm,intra,rs146120317;rs77276051;rs58614245;rs60307234;rs117502563;rs4280233;rs113735368;rs76062288;rs76036961;rs7203521;rs6499640;rs16952479;rs8048396;rs8059991;rs6499641;rs4548860;rs4396532;rs56886863;rs77715413;rs34755534;rs182781646;rs1075440;rs11643744;rs74498370;rs13333228;rs17525605;rs8055259;rs11394373;rs4784323;rs7206790;rs28429148;rs8047395;rs8047587;rs200616697;rs201940822;rs199952722;rs57292959;rs9937521;rs28562191;rs11383210;rs9937053;rs9937354;rs9928094;16:53799977:G:T;rs9930397,ENSG00000177508,1,ENSG00000177508,IRX3
1,16:53760001-53800000,16:54960001-55000000,2.6117299999999998e-58,HiC,GSE87112,Mesendoderm,intra,rs146120317;rs77276051;rs58614245;rs60307234;rs117502563;rs4280233;rs113735368;rs76062288;rs76036961;rs7203521;rs6499640;rs16952479;rs8048396;rs8059991;rs6499641;rs4548860;rs4396532;rs56886863;rs77715413;rs34755534;rs182781646;rs1075440;rs11643744;rs74498370;rs13333228;rs17525605;rs8055259;rs11394373;rs4784323;rs7206790;rs28429148;rs8047395;rs8047587;rs200616697;rs201940822;rs199952722;rs57292959;rs9937521;rs28562191;rs11383210;rs9937053;rs9937354;rs9928094;16:53799977:G:T;rs9930397,ENSG00000176842,1,ENSG00000176842,IRX5
1,16:53760001-53800000,16:55320001-55360000,1.1661769999999999e-30,HiC,GSE87112,Mesendoderm,intra,rs146120317;rs77276051;rs58614245;rs60307234;rs117502563;rs4280233;rs113735368;rs76062288;rs76036961;rs7203521;rs6499640;rs16952479;rs8048396;rs8059991;rs6499641;rs4548860;rs4396532;rs56886863;rs77715413;rs34755534;rs182781646;rs1075440;rs11643744;rs74498370;rs13333228;rs17525605;rs8055259;rs11394373;rs4784323;rs7206790;rs28429148;rs8047395;rs8047587;rs200616697;rs201940822;rs199952722;rs57292959;rs9937521;rs28562191;rs11383210;rs9937053;rs9937354;rs9928094;16:53799977:G:T;rs9930397,ENSG00000159387,1,ENSG00000159387,IRX6
1,16:53760001-53800000,16:55400001-55440000,2.4255e-15,HiC,GSE87112,Mesendoderm,intra,rs146120317;rs77276051;rs58614245;rs60307234;rs117502563;rs4280233;rs113735368;rs76062288;rs76036961;rs7203521;rs6499640;rs16952479;rs8048396;rs8059991;rs6499641;rs4548860;rs4396532;rs56886863;rs77715413;rs34755534;rs182781646;rs1075440;rs11643744;rs74498370;rs13333228;rs17525605;rs8055259;rs11394373;rs4784323;rs7206790;rs28429148;rs8047395;rs8047587;rs200616697;rs201940822;rs199952722;rs57292959;rs9937521;rs28562191;rs11383210;rs9937053;rs9937354;rs9928094;16:53799977:G:T;rs9930397,ENSG00000087245,1,ENSG00000087245,MMP2
1,16:53760001-53800000,16:56440001-56480000,2.348497e-07,HiC,GSE87112,Mesendoderm,intra,rs146120317;rs77276051;rs58614245;rs60307234;rs117502563;rs4280233;rs113735368;rs76062288;rs76036961;rs7203521;rs6499640;rs16952479;rs8048396;rs8059991;rs6499641;rs4548860;rs4396532;rs56886863;rs77715413;rs34755534;rs182781646;rs1075440;rs11643744;rs74498370;rs13333228;rs17525605;rs8055259;rs11394373;rs4784323;rs7206790;rs28429148;rs8047395;rs8047587;rs200616697;rs201940822;rs199952722;rs57292959;rs9937521;rs28562191;rs11383210;rs9937053;rs9937354;rs9928094;16:53799977:G:T;rs9930397,ENSG00000159461,1,ENSG00000159461,AMFR
1,16:53800001-53840000,16:54280001-54320000,2.58275e-57,HiC,GSE87112,Mesendoderm,intra,rs9940278;rs9939973;rs117430099;rs117696251;rs9940646;rs9940128;rs1421085;rs111240785;rs1421086;rs9923147;rs9923544;rs11642015;rs16952520;rs8055197;rs1558901;rs62048402;rs1558902;rs1861866;rs10852521;rs11075985;rs113940176;rs9922047;rs56094641;rs10718688;rs16952522;rs17817288;rs55872725;rs1121980;rs73612011;rs7187250;rs7193144;rs62033399;rs62033400;rs8063057;rs8057044;rs71863246;rs17817449;rs8043757;rs8063946;rs9972653;rs62033401;rs11075987;rs17817497;rs8050136;rs8051591;rs9935401;rs9933509;rs3751812;rs3751813;rs3751814;rs9931900;rs56313538;rs9936385;rs9923233;rs9923312;rs11075988;rs11075989;rs11075990;rs11075991;rs11075992;rs9926289;rs9939609;rs9937709;16:53820996:C:G;rs17817712;rs112232322;rs7206410;rs7206629;rs7202116;rs7202296;rs7201850;rs66908032;rs113935429;rs113819629;rs199904341;rs72803697;rs62033403;rs62033404;rs62033405;rs7206122;rs7190396;rs530568312;rs7185735;rs2042029;rs2042030;rs76716785;rs79994966;rs28449464;rs200847717;rs28432761;rs11647020;rs11646715;rs141816793;rs62033406;rs9941349;rs56137030;rs28567725;rs75222427;rs9931494;rs10468280;rs76442450;rs62033408;rs73612051;rs17817964;rs73607075;rs201399553;rs62033413;rs9930501;rs9930506;rs9932754;rs9933040;rs62033414;rs9922708;rs72805611;rs9922619;rs78080501;rs4783821;rs7188250;rs72805612;rs12596054;rs149519344;rs114078316;rs79131477;rs59995142;rs11075993;rs72805613;rs73607083;rs62033416;rs8044769,ENSG00000259517,1,ENSG00000259517,RP11-324D17.1
1,16:53800001-53840000,16:54320001-54360000,1.395923e-28,HiC,GSE87112,Mesendoderm,intra,rs9940278;rs9939973;rs117430099;rs117696251;rs9940646;rs9940128;rs1421085;rs111240785;rs1421086;rs9923147;rs9923544;rs11642015;rs16952520;rs8055197;rs1558901;rs62048402;rs1558902;rs1861866;rs10852521;rs11075985;rs113940176;rs9922047;rs56094641;rs10718688;rs16952522;rs17817288;rs55872725;rs1121980;rs73612011;rs7187250;rs7193144;rs62033399;rs62033400;rs8063057;rs8057044;rs71863246;rs17817449;rs8043757;rs8063946;rs9972653;rs62033401;rs11075987;rs17817497;rs8050136;rs8051591;rs9935401;rs9933509;rs3751812;rs3751813;rs3751814;rs9931900;rs56313538;rs9936385;rs9923233;rs9923312;rs11075988;rs11075989;rs11075990;rs11075991;rs11075992;rs9926289;rs9939609;rs9937709;16:53820996:C:G;rs17817712;rs112232322;rs7206410;rs7206629;rs7202116;rs7202296;rs7201850;rs66908032;rs113935429;rs113819629;rs199904341;rs72803697;rs62033403;rs62033404;rs62033405;rs7206122;rs7190396;rs530568312;rs7185735;rs2042029;rs2042030;rs76716785;rs79994966;rs28449464;rs200847717;rs28432761;rs11647020;rs11646715;rs141816793;rs62033406;rs9941349;rs56137030;rs28567725;rs75222427;rs9931494;rs10468280;rs76442450;rs62033408;rs73612051;rs17817964;rs73607075;rs201399553;rs62033413;rs9930501;rs9930506;rs9932754;rs9933040;rs62033414;rs9922708;rs72805611;rs9922619;rs78080501;rs4783821;rs7188250;rs72805612;rs12596054;rs149519344;rs114078316;rs79131477;rs59995142;rs11075993;rs72805613;rs73607083;rs62033416;rs8044769,ENSG00000177508,1,ENSG00000177508,IRX3
1,16:53800001-53840000,16:54960001-55000000,3.047541e-63,HiC,GSE87112,Mesendoderm,intra,rs9940278;rs9939973;rs117430099;rs117696251;rs9940646;rs9940128;rs1421085;rs111240785;rs1421086;rs9923147;rs9923544;rs11642015;rs16952520;rs8055197;rs1558901;rs62048402;rs1558902;rs1861866;rs10852521;rs11075985;rs113940176;rs9922047;rs56094641;rs10718688;rs16952522;rs17817288;rs55872725;rs1121980;rs73612011;rs7187250;rs7193144;rs62033399;rs62033400;rs8063057;rs8057044;rs71863246;rs17817449;rs8043757;rs8063946;rs9972653;rs62033401;rs11075987;rs17817497;rs8050136;rs8051591;rs9935401;rs9933509;rs3751812;rs3751813;rs3751814;rs9931900;rs56313538;rs9936385;rs9923233;rs9923312;rs11075988;rs11075989;rs11075990;rs11075991;rs11075992;rs9926289;rs9939609;rs9937709;16:53820996:C:G;rs17817712;rs112232322;rs7206410;rs7206629;rs7202116;rs7202296;rs7201850;rs66908032;rs113935429;rs113819629;rs199904341;rs72803697;rs62033403;rs62033404;rs62033405;rs7206122;rs7190396;rs530568312;rs7185735;rs2042029;rs2042030;rs76716785;rs79994966;rs28449464;rs200847717;rs28432761;rs11647020;rs11646715;rs141816793;rs62033406;rs9941349;rs56137030;rs28567725;rs75222427;rs9931494;rs10468280;rs76442450;rs62033408;rs73612051;rs17817964;rs73607075;rs201399553;rs62033413;rs9930501;rs9930506;rs9932754;rs9933040;rs62033414;rs9922708;rs72805611;rs9922619;rs78080501;rs4783821;rs7188250;rs72805612;rs12596054;rs149519344;rs114078316;rs79131477;rs59995142;rs11075993;rs72805613;rs73607083;rs62033416;rs8044769,ENSG00000176842,1,ENSG00000176842,IRX5
1,16:53800001-53840000,16:55320001-55360000,1.5427119999999999e-44,HiC,GSE87112,Mesendoderm,intra,rs9940278;rs9939973;rs117430099;rs117696251;rs9940646;rs9940128;rs1421085;rs111240785;rs1421086;rs9923147;rs9923544;rs11642015;rs16952520;rs8055197;rs1558901;rs62048402;rs1558902;rs1861866;rs10852521;rs11075985;rs113940176;rs9922047;rs56094641;rs10718688;rs16952522;rs17817288;rs55872725;rs1121980;rs73612011;rs7187250;rs7193144;rs62033399;rs62033400;rs8063057;rs8057044;rs71863246;rs17817449;rs8043757;rs8063946;rs9972653;rs62033401;rs11075987;rs17817497;rs8050136;rs8051591;rs9935401;rs9933509;rs3751812;rs3751813;rs3751814;rs9931900;rs56313538;rs9936385;rs9923233;rs9923312;rs11075988;rs11075989;rs11075990;rs11075991;rs11075992;rs9926289;rs9939609;rs9937709;16:53820996:C:G;rs17817712;rs112232322;rs7206410;rs7206629;rs7202116;rs7202296;rs7201850;rs66908032;rs113935429;rs113819629;rs199904341;rs72803697;rs62033403;rs62033404;rs62033405;rs7206122;rs7190396;rs530568312;rs7185735;rs2042029;rs2042030;rs76716785;rs79994966;rs28449464;rs200847717;rs28432761;rs11647020;rs11646715;rs141816793;rs62033406;rs9941349;rs56137030;rs28567725;rs75222427;rs9931494;rs10468280;rs76442450;rs62033408;rs73612051;rs17817964;rs73607075;rs201399553;rs62033413;rs9930501;rs9930506;rs9932754;rs9933040;rs62033414;rs9922708;rs72805611;rs9922619;rs78080501;rs4783821;rs7188250;rs72805612;rs12596054;rs149519344;rs114078316;rs79131477;rs59995142;rs11075993;rs72805613;rs73607083;rs62033416;rs8044769,ENSG00000159387,1,ENSG00000159387,IRX6
1,16:53800001-53840000,16:55400001-55440000,9.427657e-20,HiC,GSE87112,Mesendoderm,intra,rs9940278;rs9939973;rs117430099;rs117696251;rs9940646;rs9940128;rs1421085;rs111240785;rs1421086;rs9923147;rs9923544;rs11642015;rs16952520;rs8055197;rs1558901;rs62048402;rs1558902;rs1861866;rs10852521;rs11075985;rs113940176;rs9922047;rs56094641;rs10718688;rs16952522;rs17817288;rs55872725;rs1121980;rs73612011;rs7187250;rs7193144;rs62033399;rs62033400;rs8063057;rs8057044;rs71863246;rs17817449;rs8043757;rs8063946;rs9972653;rs62033401;rs11075987;rs17817497;rs8050136;rs8051591;rs9935401;rs9933509;rs3751812;rs3751813;rs3751814;rs9931900;rs56313538;rs9936385;rs9923233;rs9923312;rs11075988;rs11075989;rs11075990;rs11075991;rs11075992;rs9926289;rs9939609;rs9937709;16:53820996:C:G;rs17817712;rs112232322;rs7206410;rs7206629;rs7202116;rs7202296;rs7201850;rs66908032;rs113935429;rs113819629;rs199904341;rs72803697;rs62033403;rs62033404;rs62033405;rs7206122;rs7190396;rs530568312;rs7185735;rs2042029;rs2042030;rs76716785;rs79994966;rs28449464;rs200847717;rs28432761;rs11647020;rs11646715;rs141816793;rs62033406;rs9941349;rs56137030;rs28567725;rs75222427;rs9931494;rs10468280;rs76442450;rs62033408;rs73612051;rs17817964;rs73607075;rs201399553;rs62033413;rs9930501;rs9930506;rs9932754;rs9933040;rs62033414;rs9922708;rs72805611;rs9922619;rs78080501;rs4783821;rs7188250;rs72805612;rs12596054;rs149519344;rs114078316;rs79131477;rs59995142;rs11075993;rs72805613;rs73607083;rs62033416;rs8044769,ENSG00000087245,1,ENSG00000087245,MMP2
1,16:53840001-53880000,16:54280001-54320000,1.0486749999999999e-19,HiC,GSE87112,Mesendoderm,intra,rs12149574;rs58239912;rs111357538;rs12149832;rs17218700;rs11649091;rs11642841;rs8050124;rs8050133;rs9925400;rs9935366;rs9925952;rs12447691;rs9937429;rs9928425;rs8054859;rs8054908;rs11075995;rs2042032;rs7190842;rs3848299;rs3826169;rs12933168;rs8060823;rs8058930;rs8061518;rs11448349;rs6499648;rs9923295;rs9936016;rs9924896;rs9936112;rs4784325;rs4784326;rs34520034;rs10521307;rs9302652;rs9934528;rs9934773;rs6499653,ENSG00000259517,1,ENSG00000259517,RP11-324D17.1
1,16:53840001-53880000,16:54320001-54360000,9.439837000000001e-23,HiC,GSE87112,Mesendoderm,intra,rs12149574;rs58239912;rs111357538;rs12149832;rs17218700;rs11649091;rs11642841;rs8050124;rs8050133;rs9925400;rs9935366;rs9925952;rs12447691;rs9937429;rs9928425;rs8054859;rs8054908;rs11075995;rs2042032;rs7190842;rs3848299;rs3826169;rs12933168;rs8060823;rs8058930;rs8061518;rs11448349;rs6499648;rs9923295;rs9936016;rs9924896;rs9936112;rs4784325;rs4784326;rs34520034;rs10521307;rs9302652;rs9934528;rs9934773;rs6499653,ENSG00000177508,1,ENSG00000177508,IRX3
1,16:53840001-53880000,16:54960001-55000000,2.7990190000000004e-54,HiC,GSE87112,Mesendoderm,intra,rs12149574;rs58239912;rs111357538;rs12149832;rs17218700;rs11649091;rs11642841;rs8050124;rs8050133;rs9925400;rs9935366;rs9925952;rs12447691;rs9937429;rs9928425;rs8054859;rs8054908;rs11075995;rs2042032;rs7190842;rs3848299;rs3826169;rs12933168;rs8060823;rs8058930;rs8061518;rs11448349;rs6499648;rs9923295;rs9936016;rs9924896;rs9936112;rs4784325;rs4784326;rs34520034;rs10521307;rs9302652;rs9934528;rs9934773;rs6499653,ENSG00000176842,1,ENSG00000176842,IRX5
1,16:53840001-53880000,16:55320001-55360000,1.949535e-27,HiC,GSE87112,Mesendoderm,intra,rs12149574;rs58239912;rs111357538;rs12149832;rs17218700;rs11649091;rs11642841;rs8050124;rs8050133;rs9925400;rs9935366;rs9925952;rs12447691;rs9937429;rs9928425;rs8054859;rs8054908;rs11075995;rs2042032;rs7190842;rs3848299;rs3826169;rs12933168;rs8060823;rs8058930;rs8061518;rs11448349;rs6499648;rs9923295;rs9936016;rs9924896;rs9936112;rs4784325;rs4784326;rs34520034;rs10521307;rs9302652;rs9934528;rs9934773;rs6499653,ENSG00000159387,1,ENSG00000159387,IRX6
1,16:53840001-53880000,16:55400001-55440000,4.012451e-16,HiC,GSE87112,Mesendoderm,intra,rs12149574;rs58239912;rs111357538;rs12149832;rs17218700;rs11649091;rs11642841;rs8050124;rs8050133;rs9925400;rs9935366;rs9925952;rs12447691;rs9937429;rs9928425;rs8054859;rs8054908;rs11075995;rs2042032;rs7190842;rs3848299;rs3826169;rs12933168;rs8060823;rs8058930;rs8061518;rs11448349;rs6499648;rs9923295;rs9936016;rs9924896;rs9936112;rs4784325;rs4784326;rs34520034;rs10521307;rs9302652;rs9934528;rs9934773;rs6499653,ENSG00000087245,1,ENSG00000087245,MMP2
1,16:53640001-53680000,16:53520001-53560000,5.531166e-07,HiC,GSE87112,Mesendoderm,intra,rs117094130,ENSG00000166971,1,ENSG00000166971,AKTIP
1,16:53720001-53760000,16:53520001-53560000,1.248659e-09,HiC,GSE87112,Mesendoderm,intra,rs7205986;rs7206010;rs8043738;rs8063472;rs8058460;rs76488452;rs78020297;rs4386132,ENSG00000166971,1,ENSG00000166971,AKTIP
1,16:53760001-53800000,16:53720001-53760000,6.258033999999999e-57,HiC,GSE87112,Mesendoderm,intra,rs146120317;rs77276051;rs58614245;rs60307234;rs117502563;rs4280233;rs113735368;rs76062288;rs76036961;rs7203521;rs6499640;rs16952479;rs8048396;rs8059991;rs6499641;rs4548860;rs4396532;rs56886863;rs77715413;rs34755534;rs182781646;rs1075440;rs11643744;rs74498370;rs13333228;rs17525605;rs8055259;rs11394373;rs4784323;rs7206790;rs28429148;rs8047395;rs8047587;rs200616697;rs201940822;rs199952722;rs57292959;rs9937521;rs28562191;rs11383210;rs9937053;rs9937354;rs9928094;16:53799977:G:T;rs9930397,ENSG00000103494:ENSG00000140718,1,,
1,16:53800001-53840000,16:53720001-53760000,4.9037730000000006e-17,HiC,GSE87112,Mesendoderm,intra,rs9940278;rs9939973;rs117430099;rs117696251;rs9940646;rs9940128;rs1421085;rs111240785;rs1421086;rs9923147;rs9923544;rs11642015;rs16952520;rs8055197;rs1558901;rs62048402;rs1558902;rs1861866;rs10852521;rs11075985;rs113940176;rs9922047;rs56094641;rs10718688;rs16952522;rs17817288;rs55872725;rs1121980;rs73612011;rs7187250;rs7193144;rs62033399;rs62033400;rs8063057;rs8057044;rs71863246;rs17817449;rs8043757;rs8063946;rs9972653;rs62033401;rs11075987;rs17817497;rs8050136;rs8051591;rs9935401;rs9933509;rs3751812;rs3751813;rs3751814;rs9931900;rs56313538;rs9936385;rs9923233;rs9923312;rs11075988;rs11075989;rs11075990;rs11075991;rs11075992;rs9926289;rs9939609;rs9937709;16:53820996:C:G;rs17817712;rs112232322;rs7206410;rs7206629;rs7202116;rs7202296;rs7201850;rs66908032;rs113935429;rs113819629;rs199904341;rs72803697;rs62033403;rs62033404;rs62033405;rs7206122;rs7190396;rs530568312;rs7185735;rs2042029;rs2042030;rs76716785;rs79994966;rs28449464;rs200847717;rs28432761;rs11647020;rs11646715;rs141816793;rs62033406;rs9941349;rs56137030;rs28567725;rs75222427;rs9931494;rs10468280;rs76442450;rs62033408;rs73612051;rs17817964;rs73607075;rs201399553;rs62033413;rs9930501;rs9930506;rs9932754;rs9933040;rs62033414;rs9922708;rs72805611;rs9922619;rs78080501;rs4783821;rs7188250;rs72805612;rs12596054;rs149519344;rs114078316;rs79131477;rs59995142;rs11075993;rs72805613;rs73607083;rs62033416;rs8044769,ENSG00000103494:ENSG00000140718,1,,
1,16:53840001-53880000,16:53720001-53760000,8.754609e-16,HiC,GSE87112,Mesendoderm,intra,rs12149574;rs58239912;rs111357538;rs12149832;rs17218700;rs11649091;rs11642841;rs8050124;rs8050133;rs9925400;rs9935366;rs9925952;rs12447691;rs9937429;rs9928425;rs8054859;rs8054908;rs11075995;rs2042032;rs7190842;rs3848299;rs3826169;rs12933168;rs8060823;rs8058930;rs8061518;rs11448349;rs6499648;rs9923295;rs9936016;rs9924896;rs9936112;rs4784325;rs4784326;rs34520034;rs10521307;rs9302652;rs9934528;rs9934773;rs6499653,ENSG00000103494:ENSG00000140718,1,,
1,16:53640001-53680000,16:54960001-55000000,2.592268e-18,HiC,GSE87112,Neural_Progenitor_Cell,intra,rs117094130,ENSG00000176842,1,ENSG00000176842,IRX5
1,16:53720001-53760000,16:54320001-54360000,2.564185e-08,HiC,GSE87112,Neural_Progenitor_Cell,intra,rs7205986;rs7206010;rs8043738;rs8063472;rs8058460;rs76488452;rs78020297;rs4386132,ENSG00000177508,1,ENSG00000177508,IRX3
1,16:53720001-53760000,16:54960001-55000000,5.528156e-13,HiC,GSE87112,Neural_Progenitor_Cell,intra,rs7205986;rs7206010;rs8043738;rs8063472;rs8058460;rs76488452;rs78020297;rs4386132,ENSG00000176842,1,ENSG00000176842,IRX5
1,16:53760001-53800000,16:54960001-55000000,1.684757e-13,HiC,GSE87112,Neural_Progenitor_Cell,intra,rs146120317;rs77276051;rs58614245;rs60307234;rs117502563;rs4280233;rs113735368;rs76062288;rs76036961;rs7203521;rs6499640;rs16952479;rs8048396;rs8059991;rs6499641;rs4548860;rs4396532;rs56886863;rs77715413;rs34755534;rs182781646;rs1075440;rs11643744;rs74498370;rs13333228;rs17525605;rs8055259;rs11394373;rs4784323;rs7206790;rs28429148;rs8047395;rs8047587;rs200616697;rs201940822;rs199952722;rs57292959;rs9937521;rs28562191;rs11383210;rs9937053;rs9937354;rs9928094;16:53799977:G:T;rs9930397,ENSG00000176842,1,ENSG00000176842,IRX5
1,16:53800001-53840000,16:54280001-54320000,1.4109e-10,HiC,GSE87112,Neural_Progenitor_Cell,intra,rs9940278;rs9939973;rs117430099;rs117696251;rs9940646;rs9940128;rs1421085;rs111240785;rs1421086;rs9923147;rs9923544;rs11642015;rs16952520;rs8055197;rs1558901;rs62048402;rs1558902;rs1861866;rs10852521;rs11075985;rs113940176;rs9922047;rs56094641;rs10718688;rs16952522;rs17817288;rs55872725;rs1121980;rs73612011;rs7187250;rs7193144;rs62033399;rs62033400;rs8063057;rs8057044;rs71863246;rs17817449;rs8043757;rs8063946;rs9972653;rs62033401;rs11075987;rs17817497;rs8050136;rs8051591;rs9935401;rs9933509;rs3751812;rs3751813;rs3751814;rs9931900;rs56313538;rs9936385;rs9923233;rs9923312;rs11075988;rs11075989;rs11075990;rs11075991;rs11075992;rs9926289;rs9939609;rs9937709;16:53820996:C:G;rs17817712;rs112232322;rs7206410;rs7206629;rs7202116;rs7202296;rs7201850;rs66908032;rs113935429;rs113819629;rs199904341;rs72803697;rs62033403;rs62033404;rs62033405;rs7206122;rs7190396;rs530568312;rs7185735;rs2042029;rs2042030;rs76716785;rs79994966;rs28449464;rs200847717;rs28432761;rs11647020;rs11646715;rs141816793;rs62033406;rs9941349;rs56137030;rs28567725;rs75222427;rs9931494;rs10468280;rs76442450;rs62033408;rs73612051;rs17817964;rs73607075;rs201399553;rs62033413;rs9930501;rs9930506;rs9932754;rs9933040;rs62033414;rs9922708;rs72805611;rs9922619;rs78080501;rs4783821;rs7188250;rs72805612;rs12596054;rs149519344;rs114078316;rs79131477;rs59995142;rs11075993;rs72805613;rs73607083;rs62033416;rs8044769,ENSG00000259517,1,ENSG00000259517,RP11-324D17.1
1,16:53800001-53840000,16:54320001-54360000,3.103423e-07,HiC,GSE87112,Neural_Progenitor_Cell,intra,rs9940278;rs9939973;rs117430099;rs117696251;rs9940646;rs9940128;rs1421085;rs111240785;rs1421086;rs9923147;rs9923544;rs11642015;rs16952520;rs8055197;rs1558901;rs62048402;rs1558902;rs1861866;rs10852521;rs11075985;rs113940176;rs9922047;rs56094641;rs10718688;rs16952522;rs17817288;rs55872725;rs1121980;rs73612011;rs7187250;rs7193144;rs62033399;rs62033400;rs8063057;rs8057044;rs71863246;rs17817449;rs8043757;rs8063946;rs9972653;rs62033401;rs11075987;rs17817497;rs8050136;rs8051591;rs9935401;rs9933509;rs3751812;rs3751813;rs3751814;rs9931900;rs56313538;rs9936385;rs9923233;rs9923312;rs11075988;rs11075989;rs11075990;rs11075991;rs11075992;rs9926289;rs9939609;rs9937709;16:53820996:C:G;rs17817712;rs112232322;rs7206410;rs7206629;rs7202116;rs7202296;rs7201850;rs66908032;rs113935429;rs113819629;rs199904341;rs72803697;rs62033403;rs62033404;rs62033405;rs7206122;rs7190396;rs530568312;rs7185735;rs2042029;rs2042030;rs76716785;rs79994966;rs28449464;rs200847717;rs28432761;rs11647020;rs11646715;rs141816793;rs62033406;rs9941349;rs56137030;rs28567725;rs75222427;rs9931494;rs10468280;rs76442450;rs62033408;rs73612051;rs17817964;rs73607075;rs201399553;rs62033413;rs9930501;rs9930506;rs9932754;rs9933040;rs62033414;rs9922708;rs72805611;rs9922619;rs78080501;rs4783821;rs7188250;rs72805612;rs12596054;rs149519344;rs114078316;rs79131477;rs59995142;rs11075993;rs72805613;rs73607083;rs62033416;rs8044769,ENSG00000177508,1,ENSG00000177508,IRX3
1,16:53800001-53840000,16:54960001-55000000,2.034986e-21,HiC,GSE87112,Neural_Progenitor_Cell,intra,rs9940278;rs9939973;rs117430099;rs117696251;rs9940646;rs9940128;rs1421085;rs111240785;rs1421086;rs9923147;rs9923544;rs11642015;rs16952520;rs8055197;rs1558901;rs62048402;rs1558902;rs1861866;rs10852521;rs11075985;rs113940176;rs9922047;rs56094641;rs10718688;rs16952522;rs17817288;rs55872725;rs1121980;rs73612011;rs7187250;rs7193144;rs62033399;rs62033400;rs8063057;rs8057044;rs71863246;rs17817449;rs8043757;rs8063946;rs9972653;rs62033401;rs11075987;rs17817497;rs8050136;rs8051591;rs9935401;rs9933509;rs3751812;rs3751813;rs3751814;rs9931900;rs56313538;rs9936385;rs9923233;rs9923312;rs11075988;rs11075989;rs11075990;rs11075991;rs11075992;rs9926289;rs9939609;rs9937709;16:53820996:C:G;rs17817712;rs112232322;rs7206410;rs7206629;rs7202116;rs7202296;rs7201850;rs66908032;rs113935429;rs113819629;rs199904341;rs72803697;rs62033403;rs62033404;rs62033405;rs7206122;rs7190396;rs530568312;rs7185735;rs2042029;rs2042030;rs76716785;rs79994966;rs28449464;rs200847717;rs28432761;rs11647020;rs11646715;rs141816793;rs62033406;rs9941349;rs56137030;rs28567725;rs75222427;rs9931494;rs10468280;rs76442450;rs62033408;rs73612051;rs17817964;rs73607075;rs201399553;rs62033413;rs9930501;rs9930506;rs9932754;rs9933040;rs62033414;rs9922708;rs72805611;rs9922619;rs78080501;rs4783821;rs7188250;rs72805612;rs12596054;rs149519344;rs114078316;rs79131477;rs59995142;rs11075993;rs72805613;rs73607083;rs62033416;rs8044769,ENSG00000176842,1,ENSG00000176842,IRX5
1,16:53800001-53840000,16:55400001-55440000,1.50473e-08,HiC,GSE87112,Neural_Progenitor_Cell,intra,rs9940278;rs9939973;rs117430099;rs117696251;rs9940646;rs9940128;rs1421085;rs111240785;rs1421086;rs9923147;rs9923544;rs11642015;rs16952520;rs8055197;rs1558901;rs62048402;rs1558902;rs1861866;rs10852521;rs11075985;rs113940176;rs9922047;rs56094641;rs10718688;rs16952522;rs17817288;rs55872725;rs1121980;rs73612011;rs7187250;rs7193144;rs62033399;rs62033400;rs8063057;rs8057044;rs71863246;rs17817449;rs8043757;rs8063946;rs9972653;rs62033401;rs11075987;rs17817497;rs8050136;rs8051591;rs9935401;rs9933509;rs3751812;rs3751813;rs3751814;rs9931900;rs56313538;rs9936385;rs9923233;rs9923312;rs11075988;rs11075989;rs11075990;rs11075991;rs11075992;rs9926289;rs9939609;rs9937709;16:53820996:C:G;rs17817712;rs112232322;rs7206410;rs7206629;rs7202116;rs7202296;rs7201850;rs66908032;rs113935429;rs113819629;rs199904341;rs72803697;rs62033403;rs62033404;rs62033405;rs7206122;rs7190396;rs530568312;rs7185735;rs2042029;rs2042030;rs76716785;rs79994966;rs28449464;rs200847717;rs28432761;rs11647020;rs11646715;rs141816793;rs62033406;rs9941349;rs56137030;rs28567725;rs75222427;rs9931494;rs10468280;rs76442450;rs62033408;rs73612051;rs17817964;rs73607075;rs201399553;rs62033413;rs9930501;rs9930506;rs9932754;rs9933040;rs62033414;rs9922708;rs72805611;rs9922619;rs78080501;rs4783821;rs7188250;rs72805612;rs12596054;rs149519344;rs114078316;rs79131477;rs59995142;rs11075993;rs72805613;rs73607083;rs62033416;rs8044769,ENSG00000087245,1,ENSG00000087245,MMP2
1,16:53840001-53880000,16:54960001-55000000,3.644029e-11,HiC,GSE87112,Neural_Progenitor_Cell,intra,rs12149574;rs58239912;rs111357538;rs12149832;rs17218700;rs11649091;rs11642841;rs8050124;rs8050133;rs9925400;rs9935366;rs9925952;rs12447691;rs9937429;rs9928425;rs8054859;rs8054908;rs11075995;rs2042032;rs7190842;rs3848299;rs3826169;rs12933168;rs8060823;rs8058930;rs8061518;rs11448349;rs6499648;rs9923295;rs9936016;rs9924896;rs9936112;rs4784325;rs4784326;rs34520034;rs10521307;rs9302652;rs9934528;rs9934773;rs6499653,ENSG00000176842,1,ENSG00000176842,IRX5
1,16:53840001-53880000,16:55320001-55360000,2.055587e-10,HiC,GSE87112,Neural_Progenitor_Cell,intra,rs12149574;rs58239912;rs111357538;rs12149832;rs17218700;rs11649091;rs11642841;rs8050124;rs8050133;rs9925400;rs9935366;rs9925952;rs12447691;rs9937429;rs9928425;rs8054859;rs8054908;rs11075995;rs2042032;rs7190842;rs3848299;rs3826169;rs12933168;rs8060823;rs8058930;rs8061518;rs11448349;rs6499648;rs9923295;rs9936016;rs9924896;rs9936112;rs4784325;rs4784326;rs34520034;rs10521307;rs9302652;rs9934528;rs9934773;rs6499653,ENSG00000159387,1,ENSG00000159387,IRX6
1,16:53640001-53680000,16:54280001-54320000,6.105438e-09,HiC,GSE87112,Trophoblast-like_Cell,intra,rs117094130,ENSG00000259517,1,ENSG00000259517,RP11-324D17.1
1,16:53640001-53680000,16:54320001-54360000,4.198946e-10,HiC,GSE87112,Trophoblast-like_Cell,intra,rs117094130,ENSG00000177508,1,ENSG00000177508,IRX3
1,16:53640001-53680000,16:54960001-55000000,3.7875750000000003e-22,HiC,GSE87112,Trophoblast-like_Cell,intra,rs117094130,ENSG00000176842,1,ENSG00000176842,IRX5
1,16:53640001-53680000,16:55320001-55360000,1.7580620000000001e-22,HiC,GSE87112,Trophoblast-like_Cell,intra,rs117094130,ENSG00000159387,1,ENSG00000159387,IRX6
1,16:53640001-53680000,16:55400001-55440000,6.437215e-11,HiC,GSE87112,Trophoblast-like_Cell,intra,rs117094130,ENSG00000087245,1,ENSG00000087245,MMP2
1,16:53640001-53680000,16:55960001-56000000,8.97214e-08,HiC,GSE87112,Trophoblast-like_Cell,intra,rs117094130,ENSG00000159398,1,ENSG00000159398,CES5A
1,16:53720001-53760000,16:54320001-54360000,1.394199e-10,HiC,GSE87112,Trophoblast-like_Cell,intra,rs7205986;rs7206010;rs8043738;rs8063472;rs8058460;rs76488452;rs78020297;rs4386132,ENSG00000177508,1,ENSG00000177508,IRX3
1,16:53720001-53760000,16:54960001-55000000,3.7585900000000005e-29,HiC,GSE87112,Trophoblast-like_Cell,intra,rs7205986;rs7206010;rs8043738;rs8063472;rs8058460;rs76488452;rs78020297;rs4386132,ENSG00000176842,1,ENSG00000176842,IRX5
1,16:53720001-53760000,16:55320001-55360000,1.115534e-10,HiC,GSE87112,Trophoblast-like_Cell,intra,rs7205986;rs7206010;rs8043738;rs8063472;rs8058460;rs76488452;rs78020297;rs4386132,ENSG00000159387,1,ENSG00000159387,IRX6
1,16:53720001-53760000,16:55400001-55440000,3.463387e-11,HiC,GSE87112,Trophoblast-like_Cell,intra,rs7205986;rs7206010;rs8043738;rs8063472;rs8058460;rs76488452;rs78020297;rs4386132,ENSG00000087245,1,ENSG00000087245,MMP2
1,16:53760001-53800000,16:54280001-54320000,5.2131110000000006e-17,HiC,GSE87112,Trophoblast-like_Cell,intra,rs146120317;rs77276051;rs58614245;rs60307234;rs117502563;rs4280233;rs113735368;rs76062288;rs76036961;rs7203521;rs6499640;rs16952479;rs8048396;rs8059991;rs6499641;rs4548860;rs4396532;rs56886863;rs77715413;rs34755534;rs182781646;rs1075440;rs11643744;rs74498370;rs13333228;rs17525605;rs8055259;rs11394373;rs4784323;rs7206790;rs28429148;rs8047395;rs8047587;rs200616697;rs201940822;rs199952722;rs57292959;rs9937521;rs28562191;rs11383210;rs9937053;rs9937354;rs9928094;16:53799977:G:T;rs9930397,ENSG00000259517,1,ENSG00000259517,RP11-324D17.1
1,16:53760001-53800000,16:54320001-54360000,9.528327e-14,HiC,GSE87112,Trophoblast-like_Cell,intra,rs146120317;rs77276051;rs58614245;rs60307234;rs117502563;rs4280233;rs113735368;rs76062288;rs76036961;rs7203521;rs6499640;rs16952479;rs8048396;rs8059991;rs6499641;rs4548860;rs4396532;rs56886863;rs77715413;rs34755534;rs182781646;rs1075440;rs11643744;rs74498370;rs13333228;rs17525605;rs8055259;rs11394373;rs4784323;rs7206790;rs28429148;rs8047395;rs8047587;rs200616697;rs201940822;rs199952722;rs57292959;rs9937521;rs28562191;rs11383210;rs9937053;rs9937354;rs9928094;16:53799977:G:T;rs9930397,ENSG00000177508,1,ENSG00000177508,IRX3
1,16:53760001-53800000,16:54960001-55000000,1.15409e-32,HiC,GSE87112,Trophoblast-like_Cell,intra,rs146120317;rs77276051;rs58614245;rs60307234;rs117502563;rs4280233;rs113735368;rs76062288;rs76036961;rs7203521;rs6499640;rs16952479;rs8048396;rs8059991;rs6499641;rs4548860;rs4396532;rs56886863;rs77715413;rs34755534;rs182781646;rs1075440;rs11643744;rs74498370;rs13333228;rs17525605;rs8055259;rs11394373;rs4784323;rs7206790;rs28429148;rs8047395;rs8047587;rs200616697;rs201940822;rs199952722;rs57292959;rs9937521;rs28562191;rs11383210;rs9937053;rs9937354;rs9928094;16:53799977:G:T;rs9930397,ENSG00000176842,1,ENSG00000176842,IRX5
1,16:53760001-53800000,16:55320001-55360000,4.4222750000000005e-17,HiC,GSE87112,Trophoblast-like_Cell,intra,rs146120317;rs77276051;rs58614245;rs60307234;rs117502563;rs4280233;rs113735368;rs76062288;rs76036961;rs7203521;rs6499640;rs16952479;rs8048396;rs8059991;rs6499641;rs4548860;rs4396532;rs56886863;rs77715413;rs34755534;rs182781646;rs1075440;rs11643744;rs74498370;rs13333228;rs17525605;rs8055259;rs11394373;rs4784323;rs7206790;rs28429148;rs8047395;rs8047587;rs200616697;rs201940822;rs199952722;rs57292959;rs9937521;rs28562191;rs11383210;rs9937053;rs9937354;rs9928094;16:53799977:G:T;rs9930397,ENSG00000159387,1,ENSG00000159387,IRX6
1,16:53760001-53800000,16:55400001-55440000,7.926169e-18,HiC,GSE87112,Trophoblast-like_Cell,intra,rs146120317;rs77276051;rs58614245;rs60307234;rs117502563;rs4280233;rs113735368;rs76062288;rs76036961;rs7203521;rs6499640;rs16952479;rs8048396;rs8059991;rs6499641;rs4548860;rs4396532;rs56886863;rs77715413;rs34755534;rs182781646;rs1075440;rs11643744;rs74498370;rs13333228;rs17525605;rs8055259;rs11394373;rs4784323;rs7206790;rs28429148;rs8047395;rs8047587;rs200616697;rs201940822;rs199952722;rs57292959;rs9937521;rs28562191;rs11383210;rs9937053;rs9937354;rs9928094;16:53799977:G:T;rs9930397,ENSG00000087245,1,ENSG00000087245,MMP2
1,16:53760001-53800000,16:55520001-55560000,3.524144e-08,HiC,GSE87112,Trophoblast-like_Cell,intra,rs146120317;rs77276051;rs58614245;rs60307234;rs117502563;rs4280233;rs113735368;rs76062288;rs76036961;rs7203521;rs6499640;rs16952479;rs8048396;rs8059991;rs6499641;rs4548860;rs4396532;rs56886863;rs77715413;rs34755534;rs182781646;rs1075440;rs11643744;rs74498370;rs13333228;rs17525605;rs8055259;rs11394373;rs4784323;rs7206790;rs28429148;rs8047395;rs8047587;rs200616697;rs201940822;rs199952722;rs57292959;rs9937521;rs28562191;rs11383210;rs9937053;rs9937354;rs9928094;16:53799977:G:T;rs9930397,ENSG00000087253,1,ENSG00000087253,LPCAT2
1,16:53760001-53800000,16:55960001-56000000,6.97177e-09,HiC,GSE87112,Trophoblast-like_Cell,intra,rs146120317;rs77276051;rs58614245;rs60307234;rs117502563;rs4280233;rs113735368;rs76062288;rs76036961;rs7203521;rs6499640;rs16952479;rs8048396;rs8059991;rs6499641;rs4548860;rs4396532;rs56886863;rs77715413;rs34755534;rs182781646;rs1075440;rs11643744;rs74498370;rs13333228;rs17525605;rs8055259;rs11394373;rs4784323;rs7206790;rs28429148;rs8047395;rs8047587;rs200616697;rs201940822;rs199952722;rs57292959;rs9937521;rs28562191;rs11383210;rs9937053;rs9937354;rs9928094;16:53799977:G:T;rs9930397,ENSG00000159398,1,ENSG00000159398,CES5A
1,16:53800001-53840000,16:54280001-54320000,4.025285e-19,HiC,GSE87112,Trophoblast-like_Cell,intra,rs9940278;rs9939973;rs117430099;rs117696251;rs9940646;rs9940128;rs1421085;rs111240785;rs1421086;rs9923147;rs9923544;rs11642015;rs16952520;rs8055197;rs1558901;rs62048402;rs1558902;rs1861866;rs10852521;rs11075985;rs113940176;rs9922047;rs56094641;rs10718688;rs16952522;rs17817288;rs55872725;rs1121980;rs73612011;rs7187250;rs7193144;rs62033399;rs62033400;rs8063057;rs8057044;rs71863246;rs17817449;rs8043757;rs8063946;rs9972653;rs62033401;rs11075987;rs17817497;rs8050136;rs8051591;rs9935401;rs9933509;rs3751812;rs3751813;rs3751814;rs9931900;rs56313538;rs9936385;rs9923233;rs9923312;rs11075988;rs11075989;rs11075990;rs11075991;rs11075992;rs9926289;rs9939609;rs9937709;16:53820996:C:G;rs17817712;rs112232322;rs7206410;rs7206629;rs7202116;rs7202296;rs7201850;rs66908032;rs113935429;rs113819629;rs199904341;rs72803697;rs62033403;rs62033404;rs62033405;rs7206122;rs7190396;rs530568312;rs7185735;rs2042029;rs2042030;rs76716785;rs79994966;rs28449464;rs200847717;rs28432761;rs11647020;rs11646715;rs141816793;rs62033406;rs9941349;rs56137030;rs28567725;rs75222427;rs9931494;rs10468280;rs76442450;rs62033408;rs73612051;rs17817964;rs73607075;rs201399553;rs62033413;rs9930501;rs9930506;rs9932754;rs9933040;rs62033414;rs9922708;rs72805611;rs9922619;rs78080501;rs4783821;rs7188250;rs72805612;rs12596054;rs149519344;rs114078316;rs79131477;rs59995142;rs11075993;rs72805613;rs73607083;rs62033416;rs8044769,ENSG00000259517,1,ENSG00000259517,RP11-324D17.1
1,16:53800001-53840000,16:54320001-54360000,1.887533e-16,HiC,GSE87112,Trophoblast-like_Cell,intra,rs9940278;rs9939973;rs117430099;rs117696251;rs9940646;rs9940128;rs1421085;rs111240785;rs1421086;rs9923147;rs9923544;rs11642015;rs16952520;rs8055197;rs1558901;rs62048402;rs1558902;rs1861866;rs10852521;rs11075985;rs113940176;rs9922047;rs56094641;rs10718688;rs16952522;rs17817288;rs55872725;rs1121980;rs73612011;rs7187250;rs7193144;rs62033399;rs62033400;rs8063057;rs8057044;rs71863246;rs17817449;rs8043757;rs8063946;rs9972653;rs62033401;rs11075987;rs17817497;rs8050136;rs8051591;rs9935401;rs9933509;rs3751812;rs3751813;rs3751814;rs9931900;rs56313538;rs9936385;rs9923233;rs9923312;rs11075988;rs11075989;rs11075990;rs11075991;rs11075992;rs9926289;rs9939609;rs9937709;16:53820996:C:G;rs17817712;rs112232322;rs7206410;rs7206629;rs7202116;rs7202296;rs7201850;rs66908032;rs113935429;rs113819629;rs199904341;rs72803697;rs62033403;rs62033404;rs62033405;rs7206122;rs7190396;rs530568312;rs7185735;rs2042029;rs2042030;rs76716785;rs79994966;rs28449464;rs200847717;rs28432761;rs11647020;rs11646715;rs141816793;rs62033406;rs9941349;rs56137030;rs28567725;rs75222427;rs9931494;rs10468280;rs76442450;rs62033408;rs73612051;rs17817964;rs73607075;rs201399553;rs62033413;rs9930501;rs9930506;rs9932754;rs9933040;rs62033414;rs9922708;rs72805611;rs9922619;rs78080501;rs4783821;rs7188250;rs72805612;rs12596054;rs149519344;rs114078316;rs79131477;rs59995142;rs11075993;rs72805613;rs73607083;rs62033416;rs8044769,ENSG00000177508,1,ENSG00000177508,IRX3
1,16:53800001-53840000,16:54960001-55000000,4.217346e-37,HiC,GSE87112,Trophoblast-like_Cell,intra,rs9940278;rs9939973;rs117430099;rs117696251;rs9940646;rs9940128;rs1421085;rs111240785;rs1421086;rs9923147;rs9923544;rs11642015;rs16952520;rs8055197;rs1558901;rs62048402;rs1558902;rs1861866;rs10852521;rs11075985;rs113940176;rs9922047;rs56094641;rs10718688;rs16952522;rs17817288;rs55872725;rs1121980;rs73612011;rs7187250;rs7193144;rs62033399;rs62033400;rs8063057;rs8057044;rs71863246;rs17817449;rs8043757;rs8063946;rs9972653;rs62033401;rs11075987;rs17817497;rs8050136;rs8051591;rs9935401;rs9933509;rs3751812;rs3751813;rs3751814;rs9931900;rs56313538;rs9936385;rs9923233;rs9923312;rs11075988;rs11075989;rs11075990;rs11075991;rs11075992;rs9926289;rs9939609;rs9937709;16:53820996:C:G;rs17817712;rs112232322;rs7206410;rs7206629;rs7202116;rs7202296;rs7201850;rs66908032;rs113935429;rs113819629;rs199904341;rs72803697;rs62033403;rs62033404;rs62033405;rs7206122;rs7190396;rs530568312;rs7185735;rs2042029;rs2042030;rs76716785;rs79994966;rs28449464;rs200847717;rs28432761;rs11647020;rs11646715;rs141816793;rs62033406;rs9941349;rs56137030;rs28567725;rs75222427;rs9931494;rs10468280;rs76442450;rs62033408;rs73612051;rs17817964;rs73607075;rs201399553;rs62033413;rs9930501;rs9930506;rs9932754;rs9933040;rs62033414;rs9922708;rs72805611;rs9922619;rs78080501;rs4783821;rs7188250;rs72805612;rs12596054;rs149519344;rs114078316;rs79131477;rs59995142;rs11075993;rs72805613;rs73607083;rs62033416;rs8044769,ENSG00000176842,1,ENSG00000176842,IRX5
1,16:53800001-53840000,16:55320001-55360000,2.801761e-18,HiC,GSE87112,Trophoblast-like_Cell,intra,rs9940278;rs9939973;rs117430099;rs117696251;rs9940646;rs9940128;rs1421085;rs111240785;rs1421086;rs9923147;rs9923544;rs11642015;rs16952520;rs8055197;rs1558901;rs62048402;rs1558902;rs1861866;rs10852521;rs11075985;rs113940176;rs9922047;rs56094641;rs10718688;rs16952522;rs17817288;rs55872725;rs1121980;rs73612011;rs7187250;rs7193144;rs62033399;rs62033400;rs8063057;rs8057044;rs71863246;rs17817449;rs8043757;rs8063946;rs9972653;rs62033401;rs11075987;rs17817497;rs8050136;rs8051591;rs9935401;rs9933509;rs3751812;rs3751813;rs3751814;rs9931900;rs56313538;rs9936385;rs9923233;rs9923312;rs11075988;rs11075989;rs11075990;rs11075991;rs11075992;rs9926289;rs9939609;rs9937709;16:53820996:C:G;rs17817712;rs112232322;rs7206410;rs7206629;rs7202116;rs7202296;rs7201850;rs66908032;rs113935429;rs113819629;rs199904341;rs72803697;rs62033403;rs62033404;rs62033405;rs7206122;rs7190396;rs530568312;rs7185735;rs2042029;rs2042030;rs76716785;rs79994966;rs28449464;rs200847717;rs28432761;rs11647020;rs11646715;rs141816793;rs62033406;rs9941349;rs56137030;rs28567725;rs75222427;rs9931494;rs10468280;rs76442450;rs62033408;rs73612051;rs17817964;rs73607075;rs201399553;rs62033413;rs9930501;rs9930506;rs9932754;rs9933040;rs62033414;rs9922708;rs72805611;rs9922619;rs78080501;rs4783821;rs7188250;rs72805612;rs12596054;rs149519344;rs114078316;rs79131477;rs59995142;rs11075993;rs72805613;rs73607083;rs62033416;rs8044769,ENSG00000159387,1,ENSG00000159387,IRX6
1,16:53800001-53840000,16:55400001-55440000,2.60529e-14,HiC,GSE87112,Trophoblast-like_Cell,intra,rs9940278;rs9939973;rs117430099;rs117696251;rs9940646;rs9940128;rs1421085;rs111240785;rs1421086;rs9923147;rs9923544;rs11642015;rs16952520;rs8055197;rs1558901;rs62048402;rs1558902;rs1861866;rs10852521;rs11075985;rs113940176;rs9922047;rs56094641;rs10718688;rs16952522;rs17817288;rs55872725;rs1121980;rs73612011;rs7187250;rs7193144;rs62033399;rs62033400;rs8063057;rs8057044;rs71863246;rs17817449;rs8043757;rs8063946;rs9972653;rs62033401;rs11075987;rs17817497;rs8050136;rs8051591;rs9935401;rs9933509;rs3751812;rs3751813;rs3751814;rs9931900;rs56313538;rs9936385;rs9923233;rs9923312;rs11075988;rs11075989;rs11075990;rs11075991;rs11075992;rs9926289;rs9939609;rs9937709;16:53820996:C:G;rs17817712;rs112232322;rs7206410;rs7206629;rs7202116;rs7202296;rs7201850;rs66908032;rs113935429;rs113819629;rs199904341;rs72803697;rs62033403;rs62033404;rs62033405;rs7206122;rs7190396;rs530568312;rs7185735;rs2042029;rs2042030;rs76716785;rs79994966;rs28449464;rs200847717;rs28432761;rs11647020;rs11646715;rs141816793;rs62033406;rs9941349;rs56137030;rs28567725;rs75222427;rs9931494;rs10468280;rs76442450;rs62033408;rs73612051;rs17817964;rs73607075;rs201399553;rs62033413;rs9930501;rs9930506;rs9932754;rs9933040;rs62033414;rs9922708;rs72805611;rs9922619;rs78080501;rs4783821;rs7188250;rs72805612;rs12596054;rs149519344;rs114078316;rs79131477;rs59995142;rs11075993;rs72805613;rs73607083;rs62033416;rs8044769,ENSG00000087245,1,ENSG00000087245,MMP2
1,16:53800001-53840000,16:55520001-55560000,9.176949e-07,HiC,GSE87112,Trophoblast-like_Cell,intra,rs9940278;rs9939973;rs117430099;rs117696251;rs9940646;rs9940128;rs1421085;rs111240785;rs1421086;rs9923147;rs9923544;rs11642015;rs16952520;rs8055197;rs1558901;rs62048402;rs1558902;rs1861866;rs10852521;rs11075985;rs113940176;rs9922047;rs56094641;rs10718688;rs16952522;rs17817288;rs55872725;rs1121980;rs73612011;rs7187250;rs7193144;rs62033399;rs62033400;rs8063057;rs8057044;rs71863246;rs17817449;rs8043757;rs8063946;rs9972653;rs62033401;rs11075987;rs17817497;rs8050136;rs8051591;rs9935401;rs9933509;rs3751812;rs3751813;rs3751814;rs9931900;rs56313538;rs9936385;rs9923233;rs9923312;rs11075988;rs11075989;rs11075990;rs11075991;rs11075992;rs9926289;rs9939609;rs9937709;16:53820996:C:G;rs17817712;rs112232322;rs7206410;rs7206629;rs7202116;rs7202296;rs7201850;rs66908032;rs113935429;rs113819629;rs199904341;rs72803697;rs62033403;rs62033404;rs62033405;rs7206122;rs7190396;rs530568312;rs7185735;rs2042029;rs2042030;rs76716785;rs79994966;rs28449464;rs200847717;rs28432761;rs11647020;rs11646715;rs141816793;rs62033406;rs9941349;rs56137030;rs28567725;rs75222427;rs9931494;rs10468280;rs76442450;rs62033408;rs73612051;rs17817964;rs73607075;rs201399553;rs62033413;rs9930501;rs9930506;rs9932754;rs9933040;rs62033414;rs9922708;rs72805611;rs9922619;rs78080501;rs4783821;rs7188250;rs72805612;rs12596054;rs149519344;rs114078316;rs79131477;rs59995142;rs11075993;rs72805613;rs73607083;rs62033416;rs8044769,ENSG00000087253,1,ENSG00000087253,LPCAT2
1,16:53840001-53880000,16:54280001-54320000,2.64687e-10,HiC,GSE87112,Trophoblast-like_Cell,intra,rs12149574;rs58239912;rs111357538;rs12149832;rs17218700;rs11649091;rs11642841;rs8050124;rs8050133;rs9925400;rs9935366;rs9925952;rs12447691;rs9937429;rs9928425;rs8054859;rs8054908;rs11075995;rs2042032;rs7190842;rs3848299;rs3826169;rs12933168;rs8060823;rs8058930;rs8061518;rs11448349;rs6499648;rs9923295;rs9936016;rs9924896;rs9936112;rs4784325;rs4784326;rs34520034;rs10521307;rs9302652;rs9934528;rs9934773;rs6499653,ENSG00000259517,1,ENSG00000259517,RP11-324D17.1
1,16:53840001-53880000,16:54320001-54360000,1.732508e-09,HiC,GSE87112,Trophoblast-like_Cell,intra,rs12149574;rs58239912;rs111357538;rs12149832;rs17218700;rs11649091;rs11642841;rs8050124;rs8050133;rs9925400;rs9935366;rs9925952;rs12447691;rs9937429;rs9928425;rs8054859;rs8054908;rs11075995;rs2042032;rs7190842;rs3848299;rs3826169;rs12933168;rs8060823;rs8058930;rs8061518;rs11448349;rs6499648;rs9923295;rs9936016;rs9924896;rs9936112;rs4784325;rs4784326;rs34520034;rs10521307;rs9302652;rs9934528;rs9934773;rs6499653,ENSG00000177508,1,ENSG00000177508,IRX3
1,16:53840001-53880000,16:54960001-55000000,1.21685e-31,HiC,GSE87112,Trophoblast-like_Cell,intra,rs12149574;rs58239912;rs111357538;rs12149832;rs17218700;rs11649091;rs11642841;rs8050124;rs8050133;rs9925400;rs9935366;rs9925952;rs12447691;rs9937429;rs9928425;rs8054859;rs8054908;rs11075995;rs2042032;rs7190842;rs3848299;rs3826169;rs12933168;rs8060823;rs8058930;rs8061518;rs11448349;rs6499648;rs9923295;rs9936016;rs9924896;rs9936112;rs4784325;rs4784326;rs34520034;rs10521307;rs9302652;rs9934528;rs9934773;rs6499653,ENSG00000176842,1,ENSG00000176842,IRX5
1,16:53840001-53880000,16:55320001-55360000,8.373944e-23,HiC,GSE87112,Trophoblast-like_Cell,intra,rs12149574;rs58239912;rs111357538;rs12149832;rs17218700;rs11649091;rs11642841;rs8050124;rs8050133;rs9925400;rs9935366;rs9925952;rs12447691;rs9937429;rs9928425;rs8054859;rs8054908;rs11075995;rs2042032;rs7190842;rs3848299;rs3826169;rs12933168;rs8060823;rs8058930;rs8061518;rs11448349;rs6499648;rs9923295;rs9936016;rs9924896;rs9936112;rs4784325;rs4784326;rs34520034;rs10521307;rs9302652;rs9934528;rs9934773;rs6499653,ENSG00000159387,1,ENSG00000159387,IRX6
1,16:53840001-53880000,16:55400001-55440000,1.569589e-19,HiC,GSE87112,Trophoblast-like_Cell,intra,rs12149574;rs58239912;rs111357538;rs12149832;rs17218700;rs11649091;rs11642841;rs8050124;rs8050133;rs9925400;rs9935366;rs9925952;rs12447691;rs9937429;rs9928425;rs8054859;rs8054908;rs11075995;rs2042032;rs7190842;rs3848299;rs3826169;rs12933168;rs8060823;rs8058930;rs8061518;rs11448349;rs6499648;rs9923295;rs9936016;rs9924896;rs9936112;rs4784325;rs4784326;rs34520034;rs10521307;rs9302652;rs9934528;rs9934773;rs6499653,ENSG00000087245,1,ENSG00000087245,MMP2
1,16:53760001-53800000,16:53720001-53760000,2.449596e-12,HiC,GSE87112,Trophoblast-like_Cell,intra,rs146120317;rs77276051;rs58614245;rs60307234;rs117502563;rs4280233;rs113735368;rs76062288;rs76036961;rs7203521;rs6499640;rs16952479;rs8048396;rs8059991;rs6499641;rs4548860;rs4396532;rs56886863;rs77715413;rs34755534;rs182781646;rs1075440;rs11643744;rs74498370;rs13333228;rs17525605;rs8055259;rs11394373;rs4784323;rs7206790;rs28429148;rs8047395;rs8047587;rs200616697;rs201940822;rs199952722;rs57292959;rs9937521;rs28562191;rs11383210;rs9937053;rs9937354;rs9928094;16:53799977:G:T;rs9930397,ENSG00000103494:ENSG00000140718,1,,
1,16:53640001-53680000,16:53720001-53760000,1.66008e-33,HiC,GSE87112,hESC,intra,rs117094130,ENSG00000103494:ENSG00000140718,1,,
1,16:53640001-53680000,16:54280001-54320000,7.055996e-17,HiC,GSE87112,hESC,intra,rs117094130,ENSG00000259517,1,ENSG00000259517,RP11-324D17.1
1,16:53640001-53680000,16:54320001-54360000,3.749454e-12,HiC,GSE87112,hESC,intra,rs117094130,ENSG00000177508,1,ENSG00000177508,IRX3
1,16:53640001-53680000,16:54960001-55000000,1.2002470000000001e-17,HiC,GSE87112,hESC,intra,rs117094130,ENSG00000176842,1,ENSG00000176842,IRX5
1,16:53640001-53680000,16:55320001-55360000,1.6271609999999998e-19,HiC,GSE87112,hESC,intra,rs117094130,ENSG00000159387,1,ENSG00000159387,IRX6
1,16:53640001-53680000,16:55400001-55440000,2.0218439999999998e-26,HiC,GSE87112,hESC,intra,rs117094130,ENSG00000087245,1,ENSG00000087245,MMP2
1,16:53640001-53680000,16:55520001-55560000,1.422073e-08,HiC,GSE87112,hESC,intra,rs117094130,ENSG00000087253,1,ENSG00000087253,LPCAT2
1,16:53720001-53760000,16:54280001-54320000,4.247493e-25,HiC,GSE87112,hESC,intra,rs7205986;rs7206010;rs8043738;rs8063472;rs8058460;rs76488452;rs78020297;rs4386132,ENSG00000259517,1,ENSG00000259517,RP11-324D17.1
1,16:53720001-53760000,16:54320001-54360000,8.679545e-16,HiC,GSE87112,hESC,intra,rs7205986;rs7206010;rs8043738;rs8063472;rs8058460;rs76488452;rs78020297;rs4386132,ENSG00000177508,1,ENSG00000177508,IRX3
1,16:53720001-53760000,16:54960001-55000000,1.093776e-38,HiC,GSE87112,hESC,intra,rs7205986;rs7206010;rs8043738;rs8063472;rs8058460;rs76488452;rs78020297;rs4386132,ENSG00000176842,1,ENSG00000176842,IRX5
1,16:53720001-53760000,16:55320001-55360000,9.466063e-43,HiC,GSE87112,hESC,intra,rs7205986;rs7206010;rs8043738;rs8063472;rs8058460;rs76488452;rs78020297;rs4386132,ENSG00000159387,1,ENSG00000159387,IRX6
1,16:53720001-53760000,16:55400001-55440000,3.198887e-13,HiC,GSE87112,hESC,intra,rs7205986;rs7206010;rs8043738;rs8063472;rs8058460;rs76488452;rs78020297;rs4386132,ENSG00000087245,1,ENSG00000087245,MMP2
1,16:53760001-53800000,16:54280001-54320000,3.528504e-28,HiC,GSE87112,hESC,intra,rs146120317;rs77276051;rs58614245;rs60307234;rs117502563;rs4280233;rs113735368;rs76062288;rs76036961;rs7203521;rs6499640;rs16952479;rs8048396;rs8059991;rs6499641;rs4548860;rs4396532;rs56886863;rs77715413;rs34755534;rs182781646;rs1075440;rs11643744;rs74498370;rs13333228;rs17525605;rs8055259;rs11394373;rs4784323;rs7206790;rs28429148;rs8047395;rs8047587;rs200616697;rs201940822;rs199952722;rs57292959;rs9937521;rs28562191;rs11383210;rs9937053;rs9937354;rs9928094;16:53799977:G:T;rs9930397,ENSG00000259517,1,ENSG00000259517,RP11-324D17.1
1,16:53760001-53800000,16:54320001-54360000,4.196002e-20,HiC,GSE87112,hESC,intra,rs146120317;rs77276051;rs58614245;rs60307234;rs117502563;rs4280233;rs113735368;rs76062288;rs76036961;rs7203521;rs6499640;rs16952479;rs8048396;rs8059991;rs6499641;rs4548860;rs4396532;rs56886863;rs77715413;rs34755534;rs182781646;rs1075440;rs11643744;rs74498370;rs13333228;rs17525605;rs8055259;rs11394373;rs4784323;rs7206790;rs28429148;rs8047395;rs8047587;rs200616697;rs201940822;rs199952722;rs57292959;rs9937521;rs28562191;rs11383210;rs9937053;rs9937354;rs9928094;16:53799977:G:T;rs9930397,ENSG00000177508,1,ENSG00000177508,IRX3
1,16:53760001-53800000,16:54960001-55000000,1.0549069999999999e-34,HiC,GSE87112,hESC,intra,rs146120317;rs77276051;rs58614245;rs60307234;rs117502563;rs4280233;rs113735368;rs76062288;rs76036961;rs7203521;rs6499640;rs16952479;rs8048396;rs8059991;rs6499641;rs4548860;rs4396532;rs56886863;rs77715413;rs34755534;rs182781646;rs1075440;rs11643744;rs74498370;rs13333228;rs17525605;rs8055259;rs11394373;rs4784323;rs7206790;rs28429148;rs8047395;rs8047587;rs200616697;rs201940822;rs199952722;rs57292959;rs9937521;rs28562191;rs11383210;rs9937053;rs9937354;rs9928094;16:53799977:G:T;rs9930397,ENSG00000176842,1,ENSG00000176842,IRX5
1,16:53760001-53800000,16:55320001-55360000,3.6673590000000003e-32,HiC,GSE87112,hESC,intra,rs146120317;rs77276051;rs58614245;rs60307234;rs117502563;rs4280233;rs113735368;rs76062288;rs76036961;rs7203521;rs6499640;rs16952479;rs8048396;rs8059991;rs6499641;rs4548860;rs4396532;rs56886863;rs77715413;rs34755534;rs182781646;rs1075440;rs11643744;rs74498370;rs13333228;rs17525605;rs8055259;rs11394373;rs4784323;rs7206790;rs28429148;rs8047395;rs8047587;rs200616697;rs201940822;rs199952722;rs57292959;rs9937521;rs28562191;rs11383210;rs9937053;rs9937354;rs9928094;16:53799977:G:T;rs9930397,ENSG00000159387,1,ENSG00000159387,IRX6
1,16:53760001-53800000,16:55400001-55440000,3.382438e-12,HiC,GSE87112,hESC,intra,rs146120317;rs77276051;rs58614245;rs60307234;rs117502563;rs4280233;rs113735368;rs76062288;rs76036961;rs7203521;rs6499640;rs16952479;rs8048396;rs8059991;rs6499641;rs4548860;rs4396532;rs56886863;rs77715413;rs34755534;rs182781646;rs1075440;rs11643744;rs74498370;rs13333228;rs17525605;rs8055259;rs11394373;rs4784323;rs7206790;rs28429148;rs8047395;rs8047587;rs200616697;rs201940822;rs199952722;rs57292959;rs9937521;rs28562191;rs11383210;rs9937053;rs9937354;rs9928094;16:53799977:G:T;rs9930397,ENSG00000087245,1,ENSG00000087245,MMP2
1,16:53800001-53840000,16:54280001-54320000,2.2578319999999998e-34,HiC,GSE87112,hESC,intra,rs9940278;rs9939973;rs117430099;rs117696251;rs9940646;rs9940128;rs1421085;rs111240785;rs1421086;rs9923147;rs9923544;rs11642015;rs16952520;rs8055197;rs1558901;rs62048402;rs1558902;rs1861866;rs10852521;rs11075985;rs113940176;rs9922047;rs56094641;rs10718688;rs16952522;rs17817288;rs55872725;rs1121980;rs73612011;rs7187250;rs7193144;rs62033399;rs62033400;rs8063057;rs8057044;rs71863246;rs17817449;rs8043757;rs8063946;rs9972653;rs62033401;rs11075987;rs17817497;rs8050136;rs8051591;rs9935401;rs9933509;rs3751812;rs3751813;rs3751814;rs9931900;rs56313538;rs9936385;rs9923233;rs9923312;rs11075988;rs11075989;rs11075990;rs11075991;rs11075992;rs9926289;rs9939609;rs9937709;16:53820996:C:G;rs17817712;rs112232322;rs7206410;rs7206629;rs7202116;rs7202296;rs7201850;rs66908032;rs113935429;rs113819629;rs199904341;rs72803697;rs62033403;rs62033404;rs62033405;rs7206122;rs7190396;rs530568312;rs7185735;rs2042029;rs2042030;rs76716785;rs79994966;rs28449464;rs200847717;rs28432761;rs11647020;rs11646715;rs141816793;rs62033406;rs9941349;rs56137030;rs28567725;rs75222427;rs9931494;rs10468280;rs76442450;rs62033408;rs73612051;rs17817964;rs73607075;rs201399553;rs62033413;rs9930501;rs9930506;rs9932754;rs9933040;rs62033414;rs9922708;rs72805611;rs9922619;rs78080501;rs4783821;rs7188250;rs72805612;rs12596054;rs149519344;rs114078316;rs79131477;rs59995142;rs11075993;rs72805613;rs73607083;rs62033416;rs8044769,ENSG00000259517,1,ENSG00000259517,RP11-324D17.1
1,16:53800001-53840000,16:54320001-54360000,1.1930150000000001e-23,HiC,GSE87112,hESC,intra,rs9940278;rs9939973;rs117430099;rs117696251;rs9940646;rs9940128;rs1421085;rs111240785;rs1421086;rs9923147;rs9923544;rs11642015;rs16952520;rs8055197;rs1558901;rs62048402;rs1558902;rs1861866;rs10852521;rs11075985;rs113940176;rs9922047;rs56094641;rs10718688;rs16952522;rs17817288;rs55872725;rs1121980;rs73612011;rs7187250;rs7193144;rs62033399;rs62033400;rs8063057;rs8057044;rs71863246;rs17817449;rs8043757;rs8063946;rs9972653;rs62033401;rs11075987;rs17817497;rs8050136;rs8051591;rs9935401;rs9933509;rs3751812;rs3751813;rs3751814;rs9931900;rs56313538;rs9936385;rs9923233;rs9923312;rs11075988;rs11075989;rs11075990;rs11075991;rs11075992;rs9926289;rs9939609;rs9937709;16:53820996:C:G;rs17817712;rs112232322;rs7206410;rs7206629;rs7202116;rs7202296;rs7201850;rs66908032;rs113935429;rs113819629;rs199904341;rs72803697;rs62033403;rs62033404;rs62033405;rs7206122;rs7190396;rs530568312;rs7185735;rs2042029;rs2042030;rs76716785;rs79994966;rs28449464;rs200847717;rs28432761;rs11647020;rs11646715;rs141816793;rs62033406;rs9941349;rs56137030;rs28567725;rs75222427;rs9931494;rs10468280;rs76442450;rs62033408;rs73612051;rs17817964;rs73607075;rs201399553;rs62033413;rs9930501;rs9930506;rs9932754;rs9933040;rs62033414;rs9922708;rs72805611;rs9922619;rs78080501;rs4783821;rs7188250;rs72805612;rs12596054;rs149519344;rs114078316;rs79131477;rs59995142;rs11075993;rs72805613;rs73607083;rs62033416;rs8044769,ENSG00000177508,1,ENSG00000177508,IRX3
1,16:53800001-53840000,16:54960001-55000000,1.6201569999999998e-38,HiC,GSE87112,hESC,intra,rs9940278;rs9939973;rs117430099;rs117696251;rs9940646;rs9940128;rs1421085;rs111240785;rs1421086;rs9923147;rs9923544;rs11642015;rs16952520;rs8055197;rs1558901;rs62048402;rs1558902;rs1861866;rs10852521;rs11075985;rs113940176;rs9922047;rs56094641;rs10718688;rs16952522;rs17817288;rs55872725;rs1121980;rs73612011;rs7187250;rs7193144;rs62033399;rs62033400;rs8063057;rs8057044;rs71863246;rs17817449;rs8043757;rs8063946;rs9972653;rs62033401;rs11075987;rs17817497;rs8050136;rs8051591;rs9935401;rs9933509;rs3751812;rs3751813;rs3751814;rs9931900;rs56313538;rs9936385;rs9923233;rs9923312;rs11075988;rs11075989;rs11075990;rs11075991;rs11075992;rs9926289;rs9939609;rs9937709;16:53820996:C:G;rs17817712;rs112232322;rs7206410;rs7206629;rs7202116;rs7202296;rs7201850;rs66908032;rs113935429;rs113819629;rs199904341;rs72803697;rs62033403;rs62033404;rs62033405;rs7206122;rs7190396;rs530568312;rs7185735;rs2042029;rs2042030;rs76716785;rs79994966;rs28449464;rs200847717;rs28432761;rs11647020;rs11646715;rs141816793;rs62033406;rs9941349;rs56137030;rs28567725;rs75222427;rs9931494;rs10468280;rs76442450;rs62033408;rs73612051;rs17817964;rs73607075;rs201399553;rs62033413;rs9930501;rs9930506;rs9932754;rs9933040;rs62033414;rs9922708;rs72805611;rs9922619;rs78080501;rs4783821;rs7188250;rs72805612;rs12596054;rs149519344;rs114078316;rs79131477;rs59995142;rs11075993;rs72805613;rs73607083;rs62033416;rs8044769,ENSG00000176842,1,ENSG00000176842,IRX5
1,16:53800001-53840000,16:55320001-55360000,3.8109089999999995e-36,HiC,GSE87112,hESC,intra,rs9940278;rs9939973;rs117430099;rs117696251;rs9940646;rs9940128;rs1421085;rs111240785;rs1421086;rs9923147;rs9923544;rs11642015;rs16952520;rs8055197;rs1558901;rs62048402;rs1558902;rs1861866;rs10852521;rs11075985;rs113940176;rs9922047;rs56094641;rs10718688;rs16952522;rs17817288;rs55872725;rs1121980;rs73612011;rs7187250;rs7193144;rs62033399;rs62033400;rs8063057;rs8057044;rs71863246;rs17817449;rs8043757;rs8063946;rs9972653;rs62033401;rs11075987;rs17817497;rs8050136;rs8051591;rs9935401;rs9933509;rs3751812;rs3751813;rs3751814;rs9931900;rs56313538;rs9936385;rs9923233;rs9923312;rs11075988;rs11075989;rs11075990;rs11075991;rs11075992;rs9926289;rs9939609;rs9937709;16:53820996:C:G;rs17817712;rs112232322;rs7206410;rs7206629;rs7202116;rs7202296;rs7201850;rs66908032;rs113935429;rs113819629;rs199904341;rs72803697;rs62033403;rs62033404;rs62033405;rs7206122;rs7190396;rs530568312;rs7185735;rs2042029;rs2042030;rs76716785;rs79994966;rs28449464;rs200847717;rs28432761;rs11647020;rs11646715;rs141816793;rs62033406;rs9941349;rs56137030;rs28567725;rs75222427;rs9931494;rs10468280;rs76442450;rs62033408;rs73612051;rs17817964;rs73607075;rs201399553;rs62033413;rs9930501;rs9930506;rs9932754;rs9933040;rs62033414;rs9922708;rs72805611;rs9922619;rs78080501;rs4783821;rs7188250;rs72805612;rs12596054;rs149519344;rs114078316;rs79131477;rs59995142;rs11075993;rs72805613;rs73607083;rs62033416;rs8044769,ENSG00000159387,1,ENSG00000159387,IRX6
1,16:53800001-53840000,16:55400001-55440000,1.450876e-08,HiC,GSE87112,hESC,intra,rs9940278;rs9939973;rs117430099;rs117696251;rs9940646;rs9940128;rs1421085;rs111240785;rs1421086;rs9923147;rs9923544;rs11642015;rs16952520;rs8055197;rs1558901;rs62048402;rs1558902;rs1861866;rs10852521;rs11075985;rs113940176;rs9922047;rs56094641;rs10718688;rs16952522;rs17817288;rs55872725;rs1121980;rs73612011;rs7187250;rs7193144;rs62033399;rs62033400;rs8063057;rs8057044;rs71863246;rs17817449;rs8043757;rs8063946;rs9972653;rs62033401;rs11075987;rs17817497;rs8050136;rs8051591;rs9935401;rs9933509;rs3751812;rs3751813;rs3751814;rs9931900;rs56313538;rs9936385;rs9923233;rs9923312;rs11075988;rs11075989;rs11075990;rs11075991;rs11075992;rs9926289;rs9939609;rs9937709;16:53820996:C:G;rs17817712;rs112232322;rs7206410;rs7206629;rs7202116;rs7202296;rs7201850;rs66908032;rs113935429;rs113819629;rs199904341;rs72803697;rs62033403;rs62033404;rs62033405;rs7206122;rs7190396;rs530568312;rs7185735;rs2042029;rs2042030;rs76716785;rs79994966;rs28449464;rs200847717;rs28432761;rs11647020;rs11646715;rs141816793;rs62033406;rs9941349;rs56137030;rs28567725;rs75222427;rs9931494;rs10468280;rs76442450;rs62033408;rs73612051;rs17817964;rs73607075;rs201399553;rs62033413;rs9930501;rs9930506;rs9932754;rs9933040;rs62033414;rs9922708;rs72805611;rs9922619;rs78080501;rs4783821;rs7188250;rs72805612;rs12596054;rs149519344;rs114078316;rs79131477;rs59995142;rs11075993;rs72805613;rs73607083;rs62033416;rs8044769,ENSG00000087245,1,ENSG00000087245,MMP2
1,16:53840001-53880000,16:54280001-54320000,8.639567e-18,HiC,GSE87112,hESC,intra,rs12149574;rs58239912;rs111357538;rs12149832;rs17218700;rs11649091;rs11642841;rs8050124;rs8050133;rs9925400;rs9935366;rs9925952;rs12447691;rs9937429;rs9928425;rs8054859;rs8054908;rs11075995;rs2042032;rs7190842;rs3848299;rs3826169;rs12933168;rs8060823;rs8058930;rs8061518;rs11448349;rs6499648;rs9923295;rs9936016;rs9924896;rs9936112;rs4784325;rs4784326;rs34520034;rs10521307;rs9302652;rs9934528;rs9934773;rs6499653,ENSG00000259517,1,ENSG00000259517,RP11-324D17.1
1,16:53840001-53880000,16:54320001-54360000,1.974532e-09,HiC,GSE87112,hESC,intra,rs12149574;rs58239912;rs111357538;rs12149832;rs17218700;rs11649091;rs11642841;rs8050124;rs8050133;rs9925400;rs9935366;rs9925952;rs12447691;rs9937429;rs9928425;rs8054859;rs8054908;rs11075995;rs2042032;rs7190842;rs3848299;rs3826169;rs12933168;rs8060823;rs8058930;rs8061518;rs11448349;rs6499648;rs9923295;rs9936016;rs9924896;rs9936112;rs4784325;rs4784326;rs34520034;rs10521307;rs9302652;rs9934528;rs9934773;rs6499653,ENSG00000177508,1,ENSG00000177508,IRX3
1,16:53840001-53880000,16:54960001-55000000,3.420049e-24,HiC,GSE87112,hESC,intra,rs12149574;rs58239912;rs111357538;rs12149832;rs17218700;rs11649091;rs11642841;rs8050124;rs8050133;rs9925400;rs9935366;rs9925952;rs12447691;rs9937429;rs9928425;rs8054859;rs8054908;rs11075995;rs2042032;rs7190842;rs3848299;rs3826169;rs12933168;rs8060823;rs8058930;rs8061518;rs11448349;rs6499648;rs9923295;rs9936016;rs9924896;rs9936112;rs4784325;rs4784326;rs34520034;rs10521307;rs9302652;rs9934528;rs9934773;rs6499653,ENSG00000176842,1,ENSG00000176842,IRX5
1,16:53840001-53880000,16:55320001-55360000,3.40824e-26,HiC,GSE87112,hESC,intra,rs12149574;rs58239912;rs111357538;rs12149832;rs17218700;rs11649091;rs11642841;rs8050124;rs8050133;rs9925400;rs9935366;rs9925952;rs12447691;rs9937429;rs9928425;rs8054859;rs8054908;rs11075995;rs2042032;rs7190842;rs3848299;rs3826169;rs12933168;rs8060823;rs8058930;rs8061518;rs11448349;rs6499648;rs9923295;rs9936016;rs9924896;rs9936112;rs4784325;rs4784326;rs34520034;rs10521307;rs9302652;rs9934528;rs9934773;rs6499653,ENSG00000159387,1,ENSG00000159387,IRX6
1,16:53840001-53880000,16:55400001-55440000,7.335134e-11,HiC,GSE87112,hESC,intra,rs12149574;rs58239912;rs111357538;rs12149832;rs17218700;rs11649091;rs11642841;rs8050124;rs8050133;rs9925400;rs9935366;rs9925952;rs12447691;rs9937429;rs9928425;rs8054859;rs8054908;rs11075995;rs2042032;rs7190842;rs3848299;rs3826169;rs12933168;rs8060823;rs8058930;rs8061518;rs11448349;rs6499648;rs9923295;rs9936016;rs9924896;rs9936112;rs4784325;rs4784326;rs34520034;rs10521307;rs9302652;rs9934528;rs9934773;rs6499653,ENSG00000087245,1,ENSG00000087245,MMP2
1,16:53760001-53800000,16:53720001-53760000,5.2698600000000005e-40,HiC,GSE87112,hESC,intra,rs146120317;rs77276051;rs58614245;rs60307234;rs117502563;rs4280233;rs113735368;rs76062288;rs76036961;rs7203521;rs6499640;rs16952479;rs8048396;rs8059991;rs6499641;rs4548860;rs4396532;rs56886863;rs77715413;rs34755534;rs182781646;rs1075440;rs11643744;rs74498370;rs13333228;rs17525605;rs8055259;rs11394373;rs4784323;rs7206790;rs28429148;rs8047395;rs8047587;rs200616697;rs201940822;rs199952722;rs57292959;rs9937521;rs28562191;rs11383210;rs9937053;rs9937354;rs9928094;16:53799977:G:T;rs9930397,ENSG00000103494:ENSG00000140718,1,,
1,16:53800001-53840000,16:53720001-53760000,3.068845e-13,HiC,GSE87112,hESC,intra,rs9940278;rs9939973;rs117430099;rs117696251;rs9940646;rs9940128;rs1421085;rs111240785;rs1421086;rs9923147;rs9923544;rs11642015;rs16952520;rs8055197;rs1558901;rs62048402;rs1558902;rs1861866;rs10852521;rs11075985;rs113940176;rs9922047;rs56094641;rs10718688;rs16952522;rs17817288;rs55872725;rs1121980;rs73612011;rs7187250;rs7193144;rs62033399;rs62033400;rs8063057;rs8057044;rs71863246;rs17817449;rs8043757;rs8063946;rs9972653;rs62033401;rs11075987;rs17817497;rs8050136;rs8051591;rs9935401;rs9933509;rs3751812;rs3751813;rs3751814;rs9931900;rs56313538;rs9936385;rs9923233;rs9923312;rs11075988;rs11075989;rs11075990;rs11075991;rs11075992;rs9926289;rs9939609;rs9937709;16:53820996:C:G;rs17817712;rs112232322;rs7206410;rs7206629;rs7202116;rs7202296;rs7201850;rs66908032;rs113935429;rs113819629;rs199904341;rs72803697;rs62033403;rs62033404;rs62033405;rs7206122;rs7190396;rs530568312;rs7185735;rs2042029;rs2042030;rs76716785;rs79994966;rs28449464;rs200847717;rs28432761;rs11647020;rs11646715;rs141816793;rs62033406;rs9941349;rs56137030;rs28567725;rs75222427;rs9931494;rs10468280;rs76442450;rs62033408;rs73612051;rs17817964;rs73607075;rs201399553;rs62033413;rs9930501;rs9930506;rs9932754;rs9933040;rs62033414;rs9922708;rs72805611;rs9922619;rs78080501;rs4783821;rs7188250;rs72805612;rs12596054;rs149519344;rs114078316;rs79131477;rs59995142;rs11075993;rs72805613;rs73607083;rs62033416;rs8044769,ENSG00000103494:ENSG00000140718,1,,
1,16:53840001-53880000,16:53720001-53760000,1.6726580000000002e-17,HiC,GSE87112,hESC,intra,rs12149574;rs58239912;rs111357538;rs12149832;rs17218700;rs11649091;rs11642841;rs8050124;rs8050133;rs9925400;rs9935366;rs9925952;rs12447691;rs9937429;rs9928425;rs8054859;rs8054908;rs11075995;rs2042032;rs7190842;rs3848299;rs3826169;rs12933168;rs8060823;rs8058930;rs8061518;rs11448349;rs6499648;rs9923295;rs9936016;rs9924896;rs9936112;rs4784325;rs4784326;rs34520034;rs10521307;rs9302652;rs9934528;rs9934773;rs6499653,ENSG00000103494:ENSG00000140718,1,,
